Case_ID,Person_ID,Age_Group,Day,Latitude,Longitude,Timestamp,Movement_Duration_Min,Distance_km,Speed_kmh,Previous_Area,Target_Area,Hour,Weekday,Is_Weekend
MP-2026-001,P001,36-45,Friday,23.216252,77.431261,2026-01-02 17:38:00,19.01,6.84,21.58,Home,College,17,Friday,0
MP-2026-001,P001,26-35,Friday,23.205937,77.437651,2026-01-03 04:59:00,12.61,5.04,24.0,College,Mall,4,Saturday,1
MP-2026-001,P001,36-45,Thursday,23.212673,77.432724,2026-01-03 04:27:00,13.86,6.83,29.55,Mall,College,4,Saturday,1
MP-2026-001,P001,26-35,Friday,23.207,77.437999,2026-01-02 21:38:00,28.96,6.67,13.81,College,Mall,21,Friday,0
MP-2026-001,P001,26-35,Thursday,23.261039,77.414497,2026-01-02 20:46:00,10.73,1.3,7.29,Mall,Home,20,Friday,0
MP-2026-001,P001,36-45,Saturday,23.259388,77.402328,2026-01-03 01:17:00,27.05,13.32,29.53,Home,Market,1,Saturday,1
MP-2026-001,P001,18-25,Monday,23.239216,77.40297,2026-01-02 20:25:00,23.35,4.15,10.67,Market,Park,20,Friday,0
MP-2026-001,P001,36-45,Monday,23.258188,77.404734,2026-01-02 20:10:00,12.75,6.89,32.45,Park,Market,20,Friday,0
MP-2026-001,P001,36-45,Sunday,23.258893,77.412229,2026-01-02 19:08:00,28.8,0.96,2.0,Market,Home,19,Friday,0
MP-2026-001,P001,26-35,Wednesday,23.216575,77.433627,2026-01-02 23:34:00,19.39,6.7,20.74,Home,College,23,Friday,0
MP-2026-001,P001,18-25,Wednesday,23.258964,77.411587,2026-01-02 23:08:00,22.66,2.15,5.7,College,Home,23,Friday,0
MP-2026-001,P001,36-45,Wednesday,23.26186,77.40927,2026-01-02 16:29:00,11.78,5.9,30.08,Home,Bus_Stop,16,Friday,0
MP-2026-001,P001,26-35,Saturday,23.215345,77.431488,2026-01-02 18:27:00,22.63,12.98,34.41,Bus_Stop,College,18,Friday,0
MP-2026-001,P001,18-25,Thursday,23.259507,77.411566,2026-01-03 02:32:00,9.51,2.53,15.95,College,Home,2,Saturday,1
MP-2026-001,P001,36-45,Wednesday,23.258706,77.410218,2026-01-02 21:36:00,27.32,9.25,20.33,Home,Bus_Stop,21,Friday,0
MP-2026-001,P001,36-45,Monday,23.214805,77.431824,2026-01-02 22:51:00,11.56,6.5,33.73,Bus_Stop,College,22,Friday,0
MP-2026-001,P001,18-25,Thursday,23.25847,77.403899,2026-01-03 04:32:00,28.53,18.08,38.03,College,Market,4,Saturday,1
MP-2026-001,P001,18-25,Thursday,23.260821,77.41122,2026-01-02 23:55:00,12.72,3.3,15.54,Market,Home,23,Friday,0
MP-2026-001,P001,18-25,Wednesday,23.258443,77.397092,2026-01-02 13:08:00,15.47,5.43,21.07,Home,Hospital,13,Friday,0
MP-2026-001,P001,18-25,Monday,23.239762,77.399858,2026-01-03 03:18:00,17.84,1.47,4.96,Hospital,Park,3,Saturday,1
MP-2026-001,P001,26-35,Monday,23.25856,77.396614,2026-01-02 19:30:00,24.45,10.39,25.5,Park,Hospital,19,Friday,0
MP-2026-001,P001,18-25,Monday,23.259511,77.412353,2026-01-03 00:04:00,26.25,5.17,11.82,Hospital,Home,0,Saturday,1
MP-2026-001,P001,26-35,Wednesday,23.258357,77.411778,2026-01-02 13:23:00,28.82,15.65,32.57,Home,Bus_Stop,13,Friday,0
MP-2026-001,P001,18-25,Thursday,23.24259120228332,77.45782897884632,2026-01-02 18:34:00,25.25,8.27,85.3411589324856,Bus_Stop,College,18,Friday,0
MP-2026-001,P001,36-45,Wednesday,23.289520481017284,77.42585641803609,2026-01-02 20:06:00,28.84,10.23,108.59348791746837,College,Market,20,Friday,0
MP-2026-001,P001,36-45,Monday,23.260954,77.412312,2026-01-02 23:26:00,31.63,5.32,10.09,Market,Home,23,Friday,0
MP-2026-001,P001,26-35,Wednesday,23.218941,77.431963,2026-01-03 04:48:00,18.05,4.67,15.52,Home,College,4,Saturday,1
MP-2026-001,P001,36-45,Monday,23.258851,77.404888,2026-01-02 17:30:00,7.88,2.9,22.07,College,Market,17,Friday,0
MP-2026-001,P001,36-45,Saturday,23.260752,77.412711,2026-01-02 22:02:00,21.23,1.35,3.81,Market,Home,22,Friday,0
MP-2026-001,P001,36-45,Friday,23.259969,77.410562,2026-01-02 13:39:00,28.43,16.86,35.58,Home,Bus_Stop,13,Friday,0
MP-2026-001,P001,18-25,Thursday,23.259365,77.404309,2026-01-03 01:59:00,50.82,26.77,31.61,Bus_Stop,Market,1,Saturday,1
MP-2026-001,P001,36-45,Sunday,23.260179,77.412811,2026-01-02 19:14:00,18.11,1.39,4.59,Market,Home,19,Friday,0
MP-2026-001,P001,18-25,Thursday,23.21578,77.432169,2026-01-02 13:51:00,23.41,5.49,14.06,Home,College,13,Friday,0
MP-2026-001,P001,18-25,Tuesday,23.260452,77.403819,2026-01-03 04:51:00,14.09,9.31,39.65,College,Market,4,Saturday,1
MP-2026-001,P001,26-35,Friday,23.259771,77.412017,2026-01-02 15:27:00,26.72,1.78,4.0,Market,Home,15,Friday,0
MP-2026-001,P001,26-35,Saturday,23.257774,77.412494,2026-01-02 22:57:00,14.77,6.08,24.68,Home,Bus_Stop,22,Friday,0
MP-2026-001,P001,36-45,Friday,23.216053,77.433982,2026-01-02 18:28:00,16.13,4.67,17.36,Bus_Stop,College,18,Friday,0
MP-2026-001,P001,18-25,Saturday,23.258715,77.406246,2026-01-02 22:25:00,11.8,1.04,5.31,College,Market,22,Friday,0
MP-2026-001,P001,18-25,Friday,23.269211,77.41323,2026-01-02 22:57:00,26.05,12.16,28.01,Market,Railway,22,Friday,0
MP-2026-001,P001,18-25,Wednesday,23.260107,77.411138,2026-01-03 00:49:00,21.63,7.49,20.76,Railway,Bus_Stop,0,Saturday,1
MP-2026-001,P001,26-35,Tuesday,23.270202,77.413873,2026-01-02 23:43:00,14.4,5.24,21.82,Bus_Stop,Railway,23,Friday,0
MP-2026-001,P001,26-35,Friday,23.259316,77.412849,2026-01-02 20:28:00,26.8,2.62,5.87,Railway,Home,20,Friday,0
MP-2026-001,P001,36-45,Monday,23.259134,77.411198,2026-01-02 17:56:00,31.12,6.47,12.48,Home,Bus_Stop,17,Friday,0
MP-2026-001,P001,18-25,Sunday,23.259591,77.402167,2026-01-02 19:31:00,28.79,12.7,26.48,Bus_Stop,Market,19,Friday,0
MP-2026-001,P001,36-45,Monday,23.239659,77.398295,2026-01-02 16:47:00,13.26,0.44,2.0,Market,Park,16,Friday,0
MP-2026-001,P001,18-25,Friday,23.259389,77.403844,2026-01-03 04:51:00,28.52,19.67,41.39,Park,Market,4,Saturday,1
MP-2026-001,P001,18-25,Tuesday,23.237171,77.401323,2026-01-02 17:22:00,21.99,2.79,7.6,Market,Park,17,Friday,0
MP-2026-001,P001,18-25,Tuesday,23.256992,77.399125,2026-01-02 19:28:00,17.43,6.45,22.22,Park,Hospital,19,Friday,0
MP-2026-001,P001,18-25,Saturday,23.25938,77.412845,2026-01-02 14:26:00,21.86,2.44,6.7,Hospital,Home,14,Friday,0
MP-2026-001,P001,36-45,Friday,23.259048,77.410275,2026-01-03 01:03:00,12.36,7.68,37.29,Home,Bus_Stop,1,Saturday,1
MP-2026-001,P001,26-35,Tuesday,23.270629,77.412408,2026-01-02 19:02:00,8.06,3.22,23.98,Bus_Stop,Railway,19,Friday,0
MP-2026-001,P001,18-25,Monday,23.259666,77.40488,2026-01-02 15:12:00,8.64,3.49,24.22,Railway,Market,15,Friday,0
MP-2026-001,P001,26-35,Friday,23.261531,77.412256,2026-01-03 01:31:00,24.79,0.83,2.0,Market,Home,1,Saturday,1
MP-2026-001,P001,36-45,Sunday,23.270612,77.41132,2026-01-02 21:17:00,15.55,6.4,24.7,Home,Railway,21,Friday,0
MP-2026-001,P001,18-25,Tuesday,23.260547,77.39722,2026-01-02 21:10:00,27.81,12.62,27.22,Railway,Hospital,21,Friday,0
MP-2026-001,P001,36-45,Saturday,23.257377,77.40333,2026-01-03 00:27:00,13.83,4.32,18.72,Hospital,Market,0,Saturday,1
MP-2026-001,P001,26-35,Tuesday,23.240041,77.400308,2026-01-03 00:47:00,31.81,8.06,15.19,Market,Park,0,Saturday,1
MP-2026-001,P001,36-45,Monday,23.214122,77.432228,2026-01-02 20:32:00,32.22,14.63,27.24,Park,College,20,Friday,0
MP-2026-001,P001,36-45,Sunday,23.260309,77.412496,2026-01-02 23:48:00,29.9,4.58,9.2,College,Home,23,Friday,0
MP-2026-001,P001,18-25,Friday,23.259011,77.410863,2026-01-03 03:04:00,20.38,9.52,28.04,Home,Bus_Stop,3,Saturday,1
MP-2026-001,P001,26-35,Monday,23.213979,77.431235,2026-01-02 21:45:00,12.51,4.6,22.06,Bus_Stop,College,21,Friday,0
MP-2026-001,P001,36-45,Tuesday,23.258907,77.412235,2026-01-02 22:57:00,20.93,7.27,20.86,College,Home,22,Friday,0
MP-2026-001,P001,26-35,Tuesday,23.259496,77.405611,2026-01-03 03:46:00,16.88,10.63,37.78,Home,Market,3,Saturday,1
MP-2026-001,P001,18-25,Saturday,23.27087,77.41049,2026-01-03 02:14:00,18.9,10.78,34.2,Market,Railway,2,Saturday,1
MP-2026-001,P001,18-25,Tuesday,23.260654,77.408844,2026-01-02 15:16:00,26.37,12.26,27.9,Railway,Bus_Stop,15,Friday,0
MP-2026-001,P001,18-25,Wednesday,23.260347,77.402271,2026-01-03 04:10:00,12.48,6.36,30.57,Bus_Stop,Market,4,Saturday,1
MP-2026-001,P001,18-25,Saturday,23.268417,77.413205,2026-01-02 22:50:00,15.53,5.77,22.29,Market,Railway,22,Friday,0
MP-2026-001,P001,26-35,Monday,23.259943,77.403655,2026-01-02 13:13:00,10.72,3.48,19.47,Railway,Market,13,Friday,0
MP-2026-001,P001,36-45,Saturday,23.260922,77.411856,2026-01-02 13:34:00,15.39,1.61,6.29,Market,Home,13,Friday,0
MP-2026-001,P001,36-45,Sunday,23.260837,77.410803,2026-01-02 22:13:00,23.77,13.5,34.07,Home,Bus_Stop,22,Friday,0
MP-2026-001,P001,36-45,Monday,23.260829,77.401052,2026-01-03 03:24:00,24.61,9.27,22.6,Bus_Stop,Market,3,Saturday,1
MP-2026-001,P001,36-45,Monday,23.258972,77.412179,2026-01-02 13:12:00,27.05,9.83,21.81,Market,Home,13,Friday,0
MP-2026-001,P001,26-35,Monday,23.260575,77.411167,2026-01-03 03:07:00,35.89,22.94,38.36,Home,Bus_Stop,3,Saturday,1
MP-2026-001,P001,18-25,Saturday,23.257302,77.404714,2026-01-02 23:44:00,18.45,9.68,31.48,Bus_Stop,Market,23,Friday,0
MP-2026-001,P001,18-25,Thursday,23.259119,77.412015,2026-01-02 23:29:00,13.35,2.3,10.34,Market,Home,23,Friday,0
MP-2026-001,P001,26-35,Wednesday,23.259968,77.396898,2026-01-02 16:14:00,26.04,10.4,23.96,Home,Hospital,16,Friday,0
MP-2026-001,P001,26-35,Thursday,23.261452,77.405944,2026-01-02 15:44:00,24.56,9.56,23.36,Hospital,Market,15,Friday,0
MP-2026-001,P001,26-35,Wednesday,23.239159,77.403051,2026-01-02 13:25:00,21.11,2.99,8.51,Market,Park,13,Friday,0
MP-2026-001,P001,18-25,Monday,23.268818,77.412657,2026-01-02 14:55:00,26.08,10.34,23.79,Park,Railway,14,Friday,0
MP-2026-001,P001,18-25,Wednesday,23.261568,77.409775,2026-01-02 15:29:00,32.04,12.86,24.08,Railway,Bus_Stop,15,Friday,0
MP-2026-002,P002,26-35,Wednesday,23.239702,77.400773,2026-01-04 04:21:00,25.57,5.85,13.72,Home,Park,4,Sunday,1
MP-2026-002,P002,26-35,Sunday,23.259784,77.402451,2026-01-04 02:03:00,6.34,3.57,33.74,Park,Market,2,Sunday,1
MP-2026-002,P002,36-45,Sunday,23.27045,77.41525,2026-01-04 03:14:00,27.98,6.98,14.97,Market,Railway,3,Sunday,1
MP-2026-002,P002,26-35,Thursday,23.259283,77.404925,2026-01-03 15:05:00,24.55,11.93,29.16,Railway,Market,15,Saturday,1
MP-2026-002,P002,18-25,Saturday,23.240947,77.400961,2026-01-03 23:35:00,25.77,7.21,16.79,Market,Park,23,Saturday,1
MP-2026-002,P002,18-25,Friday,23.260475,77.413,2026-01-03 13:53:00,16.44,5.21,19.01,Park,Home,13,Saturday,1
MP-2026-002,P002,18-25,Thursday,23.216644,77.433627,2026-01-03 15:35:00,22.25,6.15,16.57,Home,College,15,Saturday,1
MP-2026-002,P002,26-35,Friday,23.258487,77.411784,2026-01-03 19:46:00,7.99,2.09,15.7,College,Home,19,Saturday,1
MP-2026-002,P002,18-25,Friday,23.258757,77.404056,2026-01-04 00:42:00,25.81,12.37,28.77,Home,Market,0,Sunday,1
MP-2026-002,P002,26-35,Saturday,23.259177,77.414162,2026-01-03 21:53:00,16.24,2.08,7.7,Market,Home,21,Saturday,1
MP-2026-002,P002,18-25,Friday,23.261746,77.411129,2026-01-03 17:46:00,16.58,7.43,26.89,Home,Bus_Stop,17,Saturday,1
MP-2026-002,P002,26-35,Wednesday,23.270623,77.409815,2026-01-03 23:37:00,9.64,3.05,18.97,Bus_Stop,Railway,23,Saturday,1
MP-2026-002,P002,26-35,Thursday,23.259266,77.408664,2026-01-03 16:05:00,27.25,10.43,22.97,Railway,Bus_Stop,16,Saturday,1
MP-2026-002,P002,18-25,Saturday,23.215277,77.430672,2026-01-04 00:39:00,20.47,15.7,46.01,Bus_Stop,College,0,Sunday,1
MP-2026-002,P002,36-45,Tuesday,23.205819,77.438355,2026-01-04 02:28:00,31.72,9.5,17.96,College,Mall,2,Sunday,1
MP-2026-002,P002,36-45,Thursday,23.261566,77.409409,2026-01-04 00:48:00,5.0,1.56,18.72,Mall,Home,0,Sunday,1
MP-2026-002,P002,18-25,Sunday,23.215732,77.431779,2026-01-03 22:09:00,27.61,13.09,28.45,Home,College,22,Saturday,1
MP-2026-002,P002,36-45,Sunday,23.259823,77.412026,2026-01-03 13:56:00,14.17,5.45,23.07,College,Bus_Stop,13,Saturday,1
MP-2026-002,P002,36-45,Saturday,23.259975,77.401743,2026-01-03 15:32:00,23.53,15.69,40.02,Bus_Stop,Market,15,Saturday,1
MP-2026-002,P002,26-35,Sunday,23.259467,77.413991,2026-01-03 17:53:00,12.5,1.12,5.4,Market,Home,17,Saturday,1
MP-2026-002,P002,26-35,Wednesday,23.215991,77.430499,2026-01-04 00:17:00,13.47,4.33,19.31,Home,College,0,Sunday,1
MP-2026-002,P002,26-35,Saturday,23.260422,77.403196,2026-01-03 21:33:00,23.78,10.08,25.43,College,Market,21,Saturday,1
MP-2026-002,P002,36-45,Monday,23.238855,77.402324,2026-01-04 02:22:00,30.77,3.92,7.65,Market,Park,2,Sunday,1
MP-2026-002,P002,36-45,Friday,23.258282,77.413492,2026-01-03 18:21:00,20.81,0.69,2.0,Park,Home,18,Saturday,1
MP-2026-002,P002,26-35,Tuesday,23.260616,77.404152,2026-01-03 21:37:00,14.57,6.54,26.96,Home,Market,21,Saturday,1
MP-2026-002,P002,26-35,Saturday,23.240845,77.402885,2026-01-03 21:52:00,9.76,0.33,2.0,Market,Park,21,Saturday,1
MP-2026-002,P002,36-45,Thursday,23.259482,77.412838,2026-01-03 16:50:00,8.75,0.83,5.72,Park,Home,16,Saturday,1
MP-2026-002,P002,36-45,Thursday,23.259349,77.41066,2026-01-03 19:46:00,19.01,4.98,15.72,Home,Bus_Stop,19,Saturday,1
MP-2026-002,P002,18-25,Monday,23.27005,77.411341,2026-01-03 14:52:00,9.37,2.99,19.12,Bus_Stop,Railway,14,Saturday,1
MP-2026-002,P002,18-25,Friday,23.258944,77.412509,2026-01-03 14:36:00,15.24,4.29,16.9,Railway,Home,14,Saturday,1
MP-2026-002,P002,18-25,Monday,23.214017,77.431729,2026-01-04 02:15:00,24.88,12.72,30.66,Home,College,2,Sunday,1
MP-2026-002,P002,18-25,Friday,23.259948,77.412614,2026-01-03 14:24:00,28.23,9.17,19.48,College,Home,14,Saturday,1
MP-2026-002,P002,36-45,Tuesday,23.257499,77.407127,2026-01-03 19:13:00,15.3,7.78,30.5,Home,Market,19,Saturday,1
MP-2026-002,P002,18-25,Saturday,23.258029758224538,77.42024027451676,2026-01-03 19:34:00,15.87,4.38,84.5698252316791,Market,Park,19,Saturday,1
MP-2026-002,P002,36-45,Thursday,23.258473,77.40029,2026-01-03 15:36:00,30.39,5.21,10.29,Park,Hospital,15,Saturday,1
MP-2026-002,P002,26-35,Tuesday,23.262351,77.413182,2026-01-04 01:17:00,25.84,0.86,2.0,Hospital,Home,1,Sunday,1
MP-2026-002,P002,36-45,Monday,23.258475,77.402576,2026-01-04 04:34:00,15.56,7.22,27.83,Home,Market,4,Sunday,1
MP-2026-002,P002,26-35,Tuesday,23.239244,77.398498,2026-01-03 13:29:00,18.92,3.13,9.94,Market,Park,13,Saturday,1
MP-2026-002,P002,36-45,Tuesday,23.25799,77.413364,2026-01-03 17:45:00,17.8,0.99,3.33,Park,Home,17,Saturday,1
MP-2026-002,P002,26-35,Monday,23.215401,77.431009,2026-01-03 20:45:00,21.66,12.21,33.82,Home,College,20,Saturday,1
MP-2026-002,P002,18-25,Monday,23.207866,77.436602,2026-01-03 18:52:00,15.99,7.22,27.1,College,Mall,18,Saturday,1
MP-2026-002,P002,26-35,Monday,23.258105,77.410298,2026-01-04 03:22:00,15.43,9.76,37.94,Mall,Bus_Stop,3,Sunday,1
MP-2026-002,P002,26-35,Wednesday,23.268754,77.411756,2026-01-04 03:24:00,34.37,22.24,38.83,Bus_Stop,Railway,3,Sunday,1
MP-2026-002,P002,36-45,Wednesday,23.258483,77.408386,2026-01-03 15:24:00,18.39,9.67,31.55,Railway,Bus_Stop,15,Saturday,1
MP-2026-002,P002,36-45,Tuesday,23.269655,77.411843,2026-01-03 17:59:00,28.24,13.32,28.3,Bus_Stop,Railway,17,Saturday,1
MP-2026-002,P002,18-25,Wednesday,23.261224,77.412759,2026-01-03 13:05:00,20.51,6.05,17.71,Railway,Home,13,Saturday,1
MP-2026-002,P002,36-45,Friday,23.214197,77.431109,2026-01-03 17:41:00,14.96,7.54,30.22,Home,College,17,Saturday,1
MP-2026-002,P002,36-45,Sunday,23.261148,77.412486,2026-01-03 22:09:00,25.11,2.6,6.21,College,Home,22,Saturday,1
MP-2026-002,P002,18-25,Monday,23.259034,77.405534,2026-01-03 19:01:00,8.08,4.54,33.72,Home,Market,19,Saturday,1
MP-2026-002,P002,26-35,Sunday,23.269335,77.412828,2026-01-03 15:29:00,17.36,8.01,27.68,Market,Railway,15,Saturday,1
MP-2026-002,P002,26-35,Monday,23.258911,77.41099,2026-01-03 14:03:00,11.79,6.98,35.52,Railway,Bus_Stop,14,Saturday,1
MP-2026-002,P002,18-25,Wednesday,23.214896,77.434293,2026-01-03 23:34:00,31.06,8.32,16.06,Bus_Stop,College,23,Saturday,1
MP-2026-002,P002,18-25,Thursday,23.208379,77.436921,2026-01-03 22:22:00,16.75,4.49,16.09,College,Mall,22,Saturday,1
MP-2026-002,P002,36-45,Saturday,23.215707,77.433399,2026-01-04 01:28:00,16.04,9.05,33.84,Mall,College,1,Sunday,1
MP-2026-002,P002,26-35,Wednesday,23.206233,77.435624,2026-01-03 17:46:00,11.44,7.8,40.93,College,Mall,17,Saturday,1
MP-2026-002,P002,18-25,Monday,23.25856,77.411194,2026-01-03 18:14:00,25.12,1.9,4.54,Mall,Home,18,Saturday,1
MP-2026-002,P002,18-25,Sunday,23.258901,77.405341,2026-01-03 20:59:00,18.16,9.05,29.89,Home,Market,20,Saturday,1
MP-2026-002,P002,18-25,Saturday,23.260671,77.414195,2026-01-04 04:43:00,23.93,7.48,18.74,Market,Home,4,Sunday,1
MP-2026-002,P002,26-35,Saturday,23.213889,77.432727,2026-01-03 21:37:00,16.28,6.51,23.98,Home,College,21,Saturday,1
MP-2026-002,P002,36-45,Saturday,23.259138,77.413795,2026-01-04 01:16:00,5.0,0.57,6.83,College,Home,1,Sunday,1
MP-2026-002,P002,26-35,Saturday,23.21591,77.432563,2026-01-03 15:23:00,20.38,8.74,25.74,Home,College,15,Saturday,1
MP-2026-002,P002,18-25,Saturday,23.258735,77.404032,2026-01-04 00:32:00,20.3,7.4,21.87,College,Market,0,Sunday,1
MP-2026-002,P002,26-35,Tuesday,23.258698,77.412263,2026-01-03 19:25:00,24.99,7.05,16.92,Market,Home,19,Saturday,1
MP-2026-002,P002,26-35,Thursday,23.215853,77.433056,2026-01-03 21:38:00,26.89,7.74,17.26,Home,College,21,Saturday,1
MP-2026-002,P002,26-35,Tuesday,23.259498,77.415496,2026-01-03 23:19:00,29.38,12.29,25.09,College,Home,23,Saturday,1
MP-2026-002,P002,36-45,Friday,23.260783,77.410737,2026-01-03 23:17:00,15.77,5.46,20.78,Home,Bus_Stop,23,Saturday,1
MP-2026-002,P002,36-45,Wednesday,23.268027,77.414038,2026-01-03 20:40:00,19.89,7.33,22.1,Bus_Stop,Railway,20,Saturday,1
MP-2026-002,P002,26-35,Thursday,23.261209,77.412467,2026-01-04 03:57:00,32.59,3.59,6.62,Railway,Home,3,Sunday,1
MP-2026-002,P002,26-35,Sunday,23.259269,77.405257,2026-01-03 16:57:00,34.25,15.56,27.26,Home,Market,16,Saturday,1
MP-2026-002,P002,18-25,Wednesday,23.258834,77.410964,2026-01-03 15:44:00,18.99,5.92,18.72,Market,Home,15,Saturday,1
MP-2026-002,P002,18-25,Monday,23.25834,77.403194,2026-01-04 02:01:00,17.67,8.91,30.27,Home,Market,2,Sunday,1
MP-2026-002,P002,36-45,Monday,23.239826,77.397582,2026-01-03 21:19:00,22.55,0.75,2.0,Market,Park,21,Saturday,1
MP-2026-002,P002,26-35,Wednesday,23.21766,77.433845,2026-01-03 16:44:00,13.92,5.25,22.63,Park,College,16,Saturday,1
MP-2026-002,P002,18-25,Monday,23.262241,77.411892,2026-01-03 21:00:00,9.92,4.19,25.33,College,Home,21,Saturday,1
MP-2026-002,P002,36-45,Sunday,23.213636,77.433447,2026-01-04 00:36:00,27.76,15.25,32.95,Home,College,0,Sunday,1
MP-2026-002,P002,18-25,Monday,23.206108,77.436339,2026-01-03 14:08:00,20.42,11.26,33.09,College,Mall,14,Saturday,1
MP-2026-002,P002,36-45,Wednesday,23.259229,77.402927,2026-01-04 00:41:00,5.0,2.05,24.63,Mall,Market,0,Sunday,1
MP-2026-002,P002,26-35,Thursday,23.24,77.401416,2026-01-04 03:55:00,43.5,1.45,2.0,Market,Park,3,Sunday,1
MP-2026-002,P002,26-35,Friday,23.26123,77.411352,2026-01-03 22:59:00,14.79,2.94,11.94,Park,Home,22,Saturday,1
MP-2026-002,P002,18-25,Tuesday,23.207544,77.437595,2026-01-03 22:42:00,36.03,16.68,27.78,Home,Mall,22,Saturday,1
MP-2026-003,P003,18-25,Monday,23.216927,77.433424,2026-01-04 15:30:00,33.05,11.22,20.37,Home,College,15,Sunday,1
MP-2026-003,P003,18-25,Wednesday,23.259823,77.412995,2026-01-05 04:12:00,31.48,6.5,12.38,College,Home,4,Monday,0
MP-2026-003,P003,18-25,Saturday,23.216682,77.431833,2026-01-05 01:40:00,16.87,9.43,33.53,Home,College,1,Monday,0
MP-2026-003,P003,18-25,Monday,23.260331,77.402246,2026-01-04 22:06:00,28.57,6.6,13.86,College,Market,22,Sunday,1
MP-2026-003,P003,26-35,Saturday,23.238536,77.400958,2026-01-04 23:34:00,11.61,2.55,13.16,Market,Park,23,Sunday,1
MP-2026-003,P003,18-25,Sunday,23.259071,77.405351,2026-01-04 18:27:00,6.84,2.08,18.27,Park,Market,18,Sunday,1
MP-2026-003,P003,18-25,Sunday,23.270827,77.409977,2026-01-05 02:49:00,34.57,16.85,29.26,Market,Railway,2,Monday,0
MP-2026-003,P003,26-35,Friday,23.257276,77.412337,2026-01-04 16:20:00,19.24,5.84,18.22,Railway,Bus_Stop,16,Sunday,1
MP-2026-003,P003,26-35,Tuesday,23.214414,77.430676,2026-01-05 03:27:00,23.17,5.65,14.62,Bus_Stop,College,3,Monday,0
MP-2026-003,P003,18-25,Sunday,23.257821,77.40373,2026-01-04 23:06:00,24.41,8.63,21.22,College,Market,23,Sunday,1
MP-2026-003,P003,18-25,Thursday,23.236988,77.401529,2026-01-04 16:19:00,19.4,6.4,19.78,Market,Park,16,Sunday,1
MP-2026-003,P003,26-35,Monday,23.260197,77.415301,2026-01-05 00:08:00,29.29,6.86,14.06,Park,Home,0,Monday,0
MP-2026-003,P003,26-35,Monday,23.216497,77.431159,2026-01-04 14:23:00,29.98,12.96,25.94,Home,College,14,Sunday,1
MP-2026-003,P003,36-45,Friday,23.262567,77.411115,2026-01-05 03:48:00,23.31,5.61,14.44,College,Home,3,Monday,0
MP-2026-003,P003,18-25,Monday,23.21707,77.433948,2026-01-05 04:10:00,9.04,3.63,24.1,Home,College,4,Monday,0
MP-2026-003,P003,18-25,Monday,23.2607,77.410741,2026-01-04 14:02:00,5.0,0.17,2.0,College,Home,14,Sunday,1
MP-2026-003,P003,18-25,Monday,23.259363,77.403359,2026-01-04 22:31:00,18.37,7.76,25.35,Home,Market,22,Sunday,1
MP-2026-003,P003,26-35,Thursday,23.237579,77.400146,2026-01-04 21:38:00,13.84,2.36,10.24,Market,Park,21,Sunday,1
MP-2026-003,P003,26-35,Wednesday,23.257886,77.397989,2026-01-04 20:49:00,25.86,8.76,20.33,Park,Hospital,20,Sunday,1
MP-2026-003,P003,18-25,Friday,23.28722070163779,77.4238984383453,2026-01-05 02:51:00,14.55,6.96,109.51834287637328,Hospital,Market,2,Monday,0
MP-2026-003,P003,18-25,Thursday,23.269803,77.410904,2026-01-05 02:29:00,17.55,11.43,39.08,Market,Railway,2,Monday,0
MP-2026-003,P003,18-25,Saturday,23.257689,77.40362,2026-01-04 17:19:00,26.24,12.47,28.51,Railway,Market,17,Sunday,1
MP-2026-003,P003,26-35,Friday,23.260876,77.411776,2026-01-05 04:32:00,39.73,7.34,11.09,Market,Home,4,Monday,0
MP-2026-003,P003,18-25,Wednesday,23.214782,77.430591,2026-01-04 21:20:00,14.25,4.62,19.46,Home,College,21,Sunday,1
MP-2026-003,P003,26-35,Thursday,23.262487,77.411242,2026-01-04 19:05:00,26.71,4.43,9.96,College,Home,19,Sunday,1
MP-2026-003,P003,26-35,Saturday,23.255982,77.404034,2026-01-04 18:17:00,28.67,18.32,38.33,Home,Market,18,Sunday,1
MP-2026-003,P003,26-35,Wednesday,23.268798,77.41379,2026-01-04 21:14:00,17.18,5.64,19.68,Market,Railway,21,Sunday,1
MP-2026-003,P003,18-25,Saturday,23.261203,77.41317,2026-01-04 21:53:00,7.22,1.97,16.39,Railway,Home,21,Sunday,1
MP-2026-003,P003,18-25,Tuesday,23.259012,77.402426,2026-01-04 21:05:00,12.06,5.11,25.4,Home,Market,21,Sunday,1
MP-2026-003,P003,26-35,Friday,23.269668,77.413236,2026-01-05 04:31:00,21.14,11.49,32.6,Market,Railway,4,Monday,0
MP-2026-003,P003,18-25,Tuesday,23.257912,77.414108,2026-01-05 03:50:00,22.23,0.74,2.0,Railway,Home,3,Monday,0
MP-2026-003,P003,18-25,Thursday,23.259178,77.403595,2026-01-04 21:22:00,16.71,6.7,24.05,Home,Market,21,Sunday,1
MP-2026-003,P003,18-25,Sunday,23.270258,77.411493,2026-01-04 13:03:00,25.01,7.95,19.08,Market,Railway,13,Sunday,1
MP-2026-003,P003,36-45,Wednesday,23.259599,77.406746,2026-01-04 19:49:00,18.2,5.59,18.43,Railway,Market,19,Sunday,1
MP-2026-003,P003,26-35,Saturday,23.259413,77.411205,2026-01-04 17:54:00,5.0,0.5,5.96,Market,Home,17,Sunday,1
MP-2026-003,P003,18-25,Friday,23.257808,77.404695,2026-01-04 17:00:00,16.05,9.24,34.55,Home,Market,17,Sunday,1
MP-2026-003,P003,36-45,Friday,23.272136441665825,77.43053634968543,2026-01-04 15:48:00,36.48,1.22,114.20242918868882,Market,Park,15,Sunday,1
MP-2026-003,P003,26-35,Tuesday,23.261302,77.411565,2026-01-04 20:34:00,7.09,0.24,2.0,Park,Home,20,Sunday,1
MP-2026-003,P003,26-35,Tuesday,23.216158,77.4322,2026-01-04 14:59:00,16.96,7.52,26.62,Home,College,14,Sunday,1
MP-2026-003,P003,18-25,Thursday,23.258978,77.405574,2026-01-04 20:58:00,17.79,5.17,17.43,College,Market,20,Sunday,1
MP-2026-003,P003,18-25,Sunday,23.239452,77.400187,2026-01-04 13:22:00,20.72,2.9,8.4,Market,Park,13,Sunday,1
MP-2026-003,P003,36-45,Saturday,23.258852,77.404113,2026-01-04 13:04:00,21.49,3.93,10.96,Park,Market,13,Sunday,1
MP-2026-003,P003,26-35,Saturday,23.239716,77.402389,2026-01-05 00:50:00,25.75,7.85,18.3,Market,Park,0,Monday,0
MP-2026-003,P003,18-25,Thursday,23.260195,77.403092,2026-01-04 21:08:00,15.98,5.12,19.23,Park,Market,21,Sunday,1
MP-2026-003,P003,26-35,Saturday,23.261055,77.412537,2026-01-04 22:20:00,11.46,1.81,9.49,Market,Home,22,Sunday,1
MP-2026-003,P003,36-45,Saturday,23.28317092983362,77.44574994096055,2026-01-04 14:10:00,21.61,8.0,113.24184989504786,Home,Bus_Stop,14,Sunday,1
MP-2026-003,P003,18-25,Friday,23.214986,77.431088,2026-01-04 16:20:00,36.34,16.77,27.68,Bus_Stop,College,16,Sunday,1
MP-2026-003,P003,36-45,Saturday,23.259699,77.412939,2026-01-05 01:20:00,21.87,0.73,2.0,College,Home,1,Monday,0
MP-2026-003,P003,36-45,Sunday,23.215487,77.431897,2026-01-05 03:51:00,24.69,10.0,24.3,Home,College,3,Monday,0
MP-2026-003,P003,36-45,Friday,23.260774,77.403405,2026-01-04 13:55:00,21.95,8.04,21.99,College,Market,13,Sunday,1
MP-2026-003,P003,18-25,Wednesday,23.269386,77.413821,2026-01-04 20:41:00,21.98,13.66,37.29,Market,Railway,20,Sunday,1
MP-2026-003,P003,26-35,Sunday,23.258994,77.410263,2026-01-04 14:42:00,13.14,7.82,35.7,Railway,Bus_Stop,14,Sunday,1
MP-2026-003,P003,36-45,Sunday,23.260436,77.403268,2026-01-04 16:35:00,11.15,3.32,17.85,Bus_Stop,Market,16,Sunday,1
MP-2026-003,P003,18-25,Saturday,23.271672,77.41212,2026-01-04 20:53:00,31.66,8.5,16.11,Market,Railway,20,Sunday,1
MP-2026-003,P003,36-45,Friday,23.258501,77.402583,2026-01-04 13:54:00,28.6,13.44,28.2,Railway,Market,13,Sunday,1
MP-2026-003,P003,36-45,Monday,23.269307,77.412733,2026-01-04 20:33:00,32.5,21.26,39.24,Market,Railway,20,Sunday,1
MP-2026-003,P003,36-45,Friday,23.258496,77.409956,2026-01-05 02:57:00,25.46,14.69,34.63,Railway,Bus_Stop,2,Monday,0
MP-2026-003,P003,26-35,Friday,23.268547,77.413539,2026-01-05 03:51:00,27.06,15.07,33.41,Bus_Stop,Railway,3,Monday,0
MP-2026-003,P003,36-45,Sunday,23.261365,77.413299,2026-01-04 23:14:00,17.57,5.28,18.03,Railway,Home,23,Sunday,1
MP-2026-003,P003,18-25,Wednesday,23.215013,77.430656,2026-01-04 14:02:00,26.17,10.6,24.31,Home,College,14,Sunday,1
MP-2026-003,P003,18-25,Thursday,23.2583,77.402439,2026-01-05 04:36:00,13.6,2.04,9.0,College,Market,4,Monday,0
MP-2026-003,P003,26-35,Saturday,23.259867,77.414727,2026-01-04 13:23:00,26.22,7.12,16.3,Market,Home,13,Sunday,1
MP-2026-003,P003,36-45,Sunday,23.216519,77.433472,2026-01-04 16:20:00,12.86,4.54,21.17,Home,College,16,Sunday,1
MP-2026-003,P003,26-35,Tuesday,23.260996,77.411636,2026-01-04 22:24:00,19.89,2.09,6.32,College,Home,22,Sunday,1
MP-2026-003,P003,36-45,Sunday,23.212691,77.433061,2026-01-04 19:05:00,20.7,10.26,29.73,Home,College,19,Sunday,1
MP-2026-003,P003,18-25,Wednesday,23.258025,77.411965,2026-01-04 21:36:00,24.54,0.91,2.23,College,Home,21,Sunday,1
MP-2026-003,P003,26-35,Monday,23.213662,77.433398,2026-01-04 21:32:00,15.67,6.53,25.01,Home,College,21,Sunday,1
MP-2026-003,P003,36-45,Saturday,23.206949,77.437042,2026-01-05 01:33:00,5.0,2.92,35.08,College,Mall,1,Monday,0
MP-2026-003,P003,26-35,Wednesday,23.258901,77.403005,2026-01-04 13:09:00,27.23,14.09,31.06,Mall,Market,13,Sunday,1
MP-2026-003,P003,36-45,Sunday,23.261033,77.411773,2026-01-04 18:59:00,19.83,3.47,10.51,Market,Home,18,Sunday,1
MP-2026-003,P003,26-35,Wednesday,23.258854,77.411779,2026-01-04 16:45:00,13.3,6.76,30.5,Home,Bus_Stop,16,Sunday,1
MP-2026-003,P003,36-45,Monday,23.25976,77.410407,2026-01-04 13:41:00,19.96,7.05,21.19,Bus_Stop,Bus_Stop,13,Sunday,1
MP-2026-003,P003,18-25,Sunday,23.269736,77.410874,2026-01-04 20:59:00,30.95,15.75,30.54,Bus_Stop,Railway,20,Sunday,1
MP-2026-003,P003,36-45,Wednesday,23.258781,77.411523,2026-01-04 22:59:00,25.25,14.68,34.88,Railway,Bus_Stop,22,Sunday,1
MP-2026-003,P003,36-45,Friday,23.269198,77.412116,2026-01-05 04:07:00,26.09,13.08,30.09,Bus_Stop,Railway,4,Monday,0
MP-2026-003,P003,18-25,Friday,23.260308,77.411949,2026-01-04 19:15:00,22.42,3.71,9.94,Railway,Home,19,Sunday,1
MP-2026-003,P003,18-25,Thursday,23.257573,77.403694,2026-01-04 23:04:00,40.72,24.64,36.31,Home,Market,23,Sunday,1
MP-2026-003,P003,26-35,Wednesday,23.260252,77.41251,2026-01-05 00:28:00,18.12,4.04,13.39,Market,Home,0,Monday,0
MP-2026-003,P003,36-45,Thursday,23.217181,77.431858,2026-01-05 00:08:00,5.0,2.28,27.36,Home,College,0,Monday,0
MP-2026-003,P003,18-25,Wednesday,23.259352,77.412238,2026-01-04 22:32:00,16.71,1.68,6.04,College,Home,22,Sunday,1
MP-2026-004,P004,26-35,Sunday,23.257629,77.406418,2026-01-06 04:21:00,24.95,13.96,33.57,Home,Market,4,Tuesday,0
MP-2026-004,P004,36-45,Saturday,23.239347,77.400052,2026-01-05 14:34:00,21.61,2.43,6.75,Market,Park,14,Monday,0
MP-2026-004,P004,26-35,Sunday,23.258389,77.404933,2026-01-06 03:02:00,35.51,17.1,28.88,Park,Market,3,Tuesday,0
MP-2026-004,P004,18-25,Wednesday,23.268996,77.414333,2026-01-05 16:13:00,22.4,9.93,26.61,Market,Railway,16,Monday,0
MP-2026-004,P004,26-35,Saturday,23.259192,77.41021,2026-01-05 23:26:00,21.2,7.5,21.24,Railway,Bus_Stop,23,Monday,0
MP-2026-004,P004,26-35,Tuesday,23.212993,77.433017,2026-01-06 02:13:00,19.87,8.4,25.36,Bus_Stop,College,2,Tuesday,0
MP-2026-004,P004,18-25,Sunday,23.258978,77.397901,2026-01-05 15:02:00,24.92,13.78,33.17,College,Hospital,15,Monday,0
MP-2026-004,P004,18-25,Saturday,23.260966,77.411968,2026-01-06 00:18:00,34.71,7.27,12.57,Hospital,Home,0,Tuesday,0
MP-2026-004,P004,26-35,Monday,23.213338,77.431644,2026-01-05 23:52:00,11.46,3.94,20.62,Home,College,23,Monday,0
MP-2026-004,P004,26-35,Thursday,23.26104,77.414653,2026-01-05 21:55:00,14.81,3.74,15.14,College,Home,21,Monday,0
MP-2026-004,P004,18-25,Friday,23.259084,77.405394,2026-01-05 17:47:00,29.31,14.87,30.43,Home,Market,17,Monday,0
MP-2026-004,P004,18-25,Wednesday,23.237555,77.400868,2026-01-05 15:25:00,17.16,2.16,7.56,Market,Park,15,Monday,0
MP-2026-004,P004,18-25,Wednesday,23.257783,77.404939,2026-01-05 19:27:00,13.25,5.8,26.28,Park,Market,19,Monday,0
MP-2026-004,P004,26-35,Monday,23.259651,77.4105,2026-01-05 21:00:00,7.61,0.71,5.63,Market,Home,21,Monday,0
MP-2026-004,P004,26-35,Wednesday,23.214866,77.431956,2026-01-05 20:18:00,5.0,2.2,26.46,Home,College,20,Monday,0
MP-2026-004,P004,18-25,Friday,23.258754,77.404008,2026-01-06 02:48:00,13.98,6.02,25.84,College,Market,2,Tuesday,0
MP-2026-004,P004,18-25,Friday,23.25929,77.412462,2026-01-05 21:08:00,26.83,2.65,5.93,Market,Home,21,Monday,0
MP-2026-004,P004,36-45,Saturday,23.258177,77.410583,2026-01-06 04:10:00,15.28,7.02,27.55,Home,Bus_Stop,4,Tuesday,0
MP-2026-004,P004,18-25,Tuesday,23.270598,77.412382,2026-01-05 17:44:00,27.16,7.66,16.93,Bus_Stop,Railway,17,Monday,0
MP-2026-004,P004,18-25,Sunday,23.216425,77.432504,2026-01-06 02:22:00,24.28,13.63,33.67,Railway,College,2,Tuesday,0
MP-2026-004,P004,18-25,Monday,23.259578,77.411531,2026-01-06 03:35:00,17.54,1.11,3.78,College,Home,3,Tuesday,0
MP-2026-004,P004,36-45,Friday,23.259314,77.410298,2026-01-06 03:28:00,31.29,10.62,20.37,Home,Bus_Stop,3,Tuesday,0
MP-2026-004,P004,36-45,Saturday,23.258638,77.403619,2026-01-05 18:26:00,33.49,16.45,29.47,Bus_Stop,Market,18,Monday,0
MP-2026-004,P004,18-25,Friday,23.23928,77.403281,2026-01-05 23:00:00,13.85,2.01,8.7,Market,Park,23,Monday,0
MP-2026-004,P004,26-35,Thursday,23.261019,77.395961,2026-01-05 21:37:00,26.76,13.96,31.3,Park,Hospital,21,Monday,0
MP-2026-004,P004,36-45,Thursday,23.240242,77.401158,2026-01-06 02:59:00,9.37,0.95,6.07,Hospital,Park,2,Tuesday,0
MP-2026-004,P004,18-25,Sunday,23.256817,77.403168,2026-01-06 04:31:00,6.7,4.15,37.13,Park,Market,4,Tuesday,0
MP-2026-004,P004,26-35,Thursday,23.238415,77.401155,2026-01-05 13:00:00,23.44,3.48,8.92,Market,Park,13,Monday,0
MP-2026-004,P004,18-25,Tuesday,23.258825,77.396749,2026-01-06 02:10:00,10.53,6.28,35.77,Park,Hospital,2,Tuesday,0
MP-2026-004,P004,36-45,Wednesday,23.26127,77.403445,2026-01-06 01:49:00,19.88,8.18,24.68,Hospital,Market,1,Tuesday,0
MP-2026-004,P004,26-35,Tuesday,23.238763,77.400811,2026-01-05 23:26:00,32.79,4.47,8.19,Market,Park,23,Monday,0
MP-2026-004,P004,18-25,Monday,23.257315,77.402256,2026-01-05 15:22:00,19.89,9.57,28.88,Park,Market,15,Monday,0
MP-2026-004,P004,18-25,Monday,23.269471,77.413137,2026-01-06 01:31:00,5.0,2.64,31.7,Market,Railway,1,Tuesday,0
MP-2026-004,P004,18-25,Wednesday,23.259281,77.411788,2026-01-05 19:50:00,16.26,4.73,17.44,Railway,Home,19,Monday,0
MP-2026-004,P004,36-45,Friday,23.214086,77.430962,2026-01-06 00:10:00,25.98,6.13,14.14,Home,College,0,Tuesday,0
MP-2026-004,P004,26-35,Monday,23.205874,77.437678,2026-01-06 01:16:00,28.49,10.3,21.69,College,Mall,1,Tuesday,0
MP-2026-004,P004,36-45,Sunday,23.259363,77.411069,2026-01-06 00:04:00,7.98,3.79,28.51,Mall,Home,0,Tuesday,0
MP-2026-004,P004,18-25,Saturday,23.267574,77.413971,2026-01-06 03:11:00,20.61,7.98,23.25,Home,Railway,3,Tuesday,0
MP-2026-004,P004,36-45,Sunday,23.25975,77.411193,2026-01-06 04:43:00,19.59,5.84,17.88,Railway,Home,4,Tuesday,0
MP-2026-004,P004,36-45,Tuesday,23.262208,77.405148,2026-01-05 19:14:00,21.5,11.89,33.19,Home,Market,19,Monday,0
MP-2026-004,P004,18-25,Wednesday,23.238834,77.401343,2026-01-05 15:46:00,31.94,6.87,12.9,Market,Park,15,Monday,0
MP-2026-004,P004,18-25,Friday,23.257338,77.405156,2026-01-05 20:18:00,13.2,4.46,20.28,Park,Market,20,Monday,0
MP-2026-004,P004,26-35,Friday,23.271948,77.41231,2026-01-05 23:02:00,23.26,8.76,22.59,Market,Railway,23,Monday,0
MP-2026-004,P004,18-25,Monday,23.261357,77.411558,2026-01-06 02:56:00,17.15,2.61,9.13,Railway,Home,2,Tuesday,0
MP-2026-004,P004,26-35,Sunday,23.21656,77.432905,2026-01-06 04:08:00,23.6,12.62,32.09,Home,College,4,Tuesday,0
MP-2026-004,P004,18-25,Friday,23.257848,77.40517,2026-01-05 16:29:00,26.28,18.73,42.77,College,Market,16,Monday,0
MP-2026-004,P004,26-35,Thursday,23.238936,77.40173,2026-01-06 04:01:00,13.46,2.25,10.01,Market,Park,4,Tuesday,0
MP-2026-004,P004,36-45,Saturday,23.259706,77.411749,2026-01-06 03:30:00,12.48,0.96,4.62,Park,Home,3,Tuesday,0
MP-2026-004,P004,18-25,Friday,23.258366,77.41126,2026-01-05 17:38:00,10.09,5.45,32.45,Home,Bus_Stop,17,Monday,0
MP-2026-004,P004,26-35,Tuesday,23.217377,77.431426,2026-01-06 03:16:00,23.25,12.69,32.75,Bus_Stop,College,3,Tuesday,0
MP-2026-004,P004,36-45,Saturday,23.260152,77.41201,2026-01-06 02:49:00,24.48,6.49,15.9,College,Home,2,Tuesday,0
MP-2026-004,P004,18-25,Thursday,23.215872,77.432513,2026-01-06 00:54:00,26.5,14.09,31.89,Home,College,0,Tuesday,0
MP-2026-004,P004,36-45,Tuesday,23.259,77.403989,2026-01-05 22:17:00,11.74,6.79,34.69,College,Market,22,Monday,0
MP-2026-004,P004,36-45,Monday,23.26089,77.411559,2026-01-06 01:27:00,13.78,1.86,8.09,Market,Home,1,Tuesday,0
MP-2026-004,P004,18-25,Monday,23.258808,77.405134,2026-01-05 13:05:00,19.17,9.82,30.73,Home,Market,13,Monday,0
MP-2026-004,P004,18-25,Friday,23.260786,77.412733,2026-01-05 21:55:00,23.28,1.59,4.1,Market,Home,21,Monday,0
MP-2026-004,P004,18-25,Tuesday,23.215706,77.432237,2026-01-06 02:08:00,17.72,8.69,29.42,Home,College,2,Tuesday,0
MP-2026-004,P004,26-35,Wednesday,23.259901,77.413321,2026-01-05 21:34:00,18.32,0.61,2.0,College,Home,21,Monday,0
MP-2026-004,P004,18-25,Saturday,23.258156,77.412243,2026-01-06 01:35:00,23.86,10.03,25.22,Home,Bus_Stop,1,Tuesday,0
MP-2026-004,P004,36-45,Thursday,23.259805,77.402714,2026-01-06 01:44:00,16.66,6.33,22.81,Bus_Stop,Market,1,Tuesday,0
MP-2026-004,P004,36-45,Wednesday,23.258473,77.414571,2026-01-05 20:53:00,18.81,3.56,11.35,Market,Home,20,Monday,0
MP-2026-004,P004,26-35,Monday,23.215649,77.430797,2026-01-06 00:46:00,10.93,3.16,17.32,Home,College,0,Tuesday,0
MP-2026-004,P004,26-35,Thursday,23.260691,77.412269,2026-01-05 16:23:00,22.94,5.47,14.32,College,Home,16,Monday,0
MP-2026-004,P004,36-45,Saturday,23.216864,77.431132,2026-01-06 03:16:00,20.16,10.44,31.07,Home,College,3,Tuesday,0
MP-2026-004,P004,18-25,Monday,23.20467,77.435376,2026-01-05 17:05:00,14.2,3.5,14.79,College,Mall,17,Monday,0
MP-2026-004,P004,36-45,Thursday,23.258413,77.410839,2026-01-06 04:15:00,9.19,2.59,16.92,Mall,Home,4,Tuesday,0
MP-2026-004,P004,36-45,Thursday,23.217114,77.432216,2026-01-05 19:24:00,14.67,5.25,21.46,Home,College,19,Monday,0
MP-2026-004,P004,26-35,Thursday,23.258108,77.403044,2026-01-06 00:12:00,33.29,14.85,26.77,College,Market,0,Tuesday,0
MP-2026-004,P004,26-35,Monday,23.260125,77.410688,2026-01-05 16:49:00,35.85,9.49,15.88,Market,Home,16,Monday,0
MP-2026-004,P004,36-45,Friday,23.25855,77.403619,2026-01-05 22:24:00,31.3,16.04,30.75,Home,Market,22,Monday,0
MP-2026-004,P004,26-35,Thursday,23.270126,77.411362,2026-01-05 13:48:00,23.33,10.48,26.94,Market,Railway,13,Monday,0
MP-2026-004,P004,26-35,Saturday,23.258316,77.410682,2026-01-05 13:49:00,18.75,6.37,20.38,Railway,Bus_Stop,13,Monday,0
MP-2026-004,P004,26-35,Tuesday,23.270147,77.412423,2026-01-06 02:04:00,21.48,11.66,32.58,Bus_Stop,Railway,2,Tuesday,0
MP-2026-004,P004,36-45,Thursday,23.259224,77.4125,2026-01-06 02:05:00,17.87,0.6,2.0,Railway,Home,2,Tuesday,0
MP-2026-004,P004,18-25,Tuesday,23.259237,77.410945,2026-01-06 00:43:00,23.7,6.64,16.81,Home,Bus_Stop,0,Tuesday,0
MP-2026-004,P004,26-35,Sunday,23.268613,77.41418,2026-01-05 13:42:00,19.03,10.05,31.68,Bus_Stop,Railway,13,Monday,0
MP-2026-004,P004,36-45,Thursday,23.262065,77.412371,2026-01-06 03:29:00,29.4,9.68,19.75,Railway,Home,3,Tuesday,0
MP-2026-004,P004,26-35,Sunday,23.259367,77.405266,2026-01-05 17:09:00,30.16,12.14,24.16,Home,Market,17,Monday,0
MP-2026-004,P004,18-25,Friday,23.260959,77.412057,2026-01-05 20:47:00,13.02,1.94,8.92,Market,Home,20,Monday,0
MP-2026-004,P004,18-25,Saturday,23.215591,77.432738,2026-01-05 21:28:00,17.54,12.8,43.8,Home,College,21,Monday,0
MP-2026-005,P005,18-25,Tuesday,23.213554,77.431493,2026-01-06 13:17:00,32.88,8.28,15.12,Home,College,13,Tuesday,0
MP-2026-005,P005,18-25,Thursday,23.291700066452147,77.44053595755393,2026-01-06 21:04:00,25.49,3.04,99.17687336450999,College,Home,21,Tuesday,0
MP-2026-005,P005,36-45,Sunday,23.25638,77.412527,2026-01-07 00:25:00,21.39,9.53,26.73,Home,Bus_Stop,0,Wednesday,0
MP-2026-005,P005,18-25,Friday,23.258773,77.405106,2026-01-06 16:22:00,5.0,2.12,25.47,Bus_Stop,Market,16,Tuesday,0
MP-2026-005,P005,36-45,Friday,23.269084,77.412704,2026-01-07 02:56:00,12.55,3.8,18.16,Market,Railway,2,Wednesday,0
MP-2026-005,P005,26-35,Thursday,23.259224,77.410985,2026-01-07 01:35:00,25.92,15.23,35.26,Railway,Bus_Stop,1,Wednesday,0
MP-2026-005,P005,18-25,Saturday,23.214875,77.431941,2026-01-06 16:22:00,25.33,11.33,26.83,Bus_Stop,College,16,Tuesday,0
MP-2026-005,P005,36-45,Wednesday,23.259828,77.40093,2026-01-06 17:56:00,11.31,3.84,20.39,College,Market,17,Tuesday,0
MP-2026-005,P005,26-35,Saturday,23.260874,77.414205,2026-01-06 21:04:00,31.17,7.35,14.14,Market,Home,21,Tuesday,0
MP-2026-005,P005,26-35,Friday,23.25796,77.410049,2026-01-07 04:58:00,13.99,7.68,32.94,Home,Bus_Stop,4,Wednesday,0
MP-2026-005,P005,18-25,Wednesday,23.271397,77.411995,2026-01-07 04:58:00,6.01,2.9,28.93,Bus_Stop,Railway,4,Wednesday,0
MP-2026-005,P005,26-35,Monday,23.260681,77.410796,2026-01-06 16:46:00,26.43,7.4,16.79,Railway,Home,16,Tuesday,0
MP-2026-005,P005,26-35,Wednesday,23.214153,77.431783,2026-01-07 03:31:00,27.54,11.51,25.08,Home,College,3,Wednesday,0
MP-2026-005,P005,36-45,Friday,23.257441,77.402533,2026-01-06 16:52:00,26.23,13.59,31.08,College,Market,16,Tuesday,0
MP-2026-005,P005,18-25,Wednesday,23.259681,77.410242,2026-01-06 16:31:00,18.24,4.73,15.56,Market,Home,16,Tuesday,0
MP-2026-005,P005,18-25,Monday,23.258628,77.411046,2026-01-06 16:23:00,24.6,14.04,34.23,Home,Bus_Stop,16,Tuesday,0
MP-2026-005,P005,18-25,Thursday,23.256866,77.403214,2026-01-07 04:05:00,17.58,9.06,30.94,Bus_Stop,Market,4,Wednesday,0
MP-2026-005,P005,36-45,Wednesday,23.270761,77.411927,2026-01-06 21:36:00,16.24,7.19,26.56,Market,Railway,21,Tuesday,0
MP-2026-005,P005,36-45,Thursday,23.258257,77.410672,2026-01-06 13:11:00,11.19,3.91,20.98,Railway,Bus_Stop,13,Tuesday,0
MP-2026-005,P005,26-35,Monday,23.216811,77.431777,2026-01-06 17:53:00,9.78,3.73,22.9,Bus_Stop,College,17,Tuesday,0
MP-2026-005,P005,36-45,Wednesday,23.259198,77.403951,2026-01-06 16:53:00,22.72,9.12,24.09,College,Market,16,Tuesday,0
MP-2026-005,P005,26-35,Saturday,23.238547,77.400366,2026-01-06 14:09:00,19.66,4.21,12.83,Market,Park,14,Tuesday,0
MP-2026-005,P005,36-45,Wednesday,23.258295,77.412887,2026-01-06 16:40:00,8.45,1.5,10.67,Park,Home,16,Tuesday,0
MP-2026-005,P005,36-45,Sunday,23.256903,77.403846,2026-01-07 00:23:00,20.55,10.09,29.45,Home,Market,0,Wednesday,0
MP-2026-005,P005,18-25,Tuesday,23.241019,77.400247,2026-01-06 15:19:00,12.99,2.34,10.8,Market,Park,15,Tuesday,0
MP-2026-005,P005,36-45,Thursday,23.260874,77.411222,2026-01-06 13:31:00,27.41,0.91,2.0,Park,Home,13,Tuesday,0
MP-2026-005,P005,18-25,Thursday,23.215439,77.430792,2026-01-06 17:14:00,31.44,9.37,17.89,Home,College,17,Tuesday,0
MP-2026-005,P005,18-25,Saturday,23.257163,77.404617,2026-01-06 16:18:00,23.98,10.88,27.23,College,Market,16,Tuesday,0
MP-2026-005,P005,36-45,Sunday,23.259872,77.412391,2026-01-06 15:51:00,21.52,4.38,12.22,Market,Home,15,Tuesday,0
MP-2026-005,P005,36-45,Monday,23.2608,77.412158,2026-01-06 21:40:00,12.21,6.85,33.65,Home,Bus_Stop,21,Tuesday,0
MP-2026-005,P005,26-35,Monday,23.29110722288029,77.42755078839636,2026-01-06 17:42:00,17.59,11.71,115.63260589446341,Bus_Stop,Railway,17,Tuesday,0
MP-2026-005,P005,36-45,Friday,23.258126,77.411242,2026-01-06 14:37:00,5.0,0.76,9.06,Railway,Home,14,Tuesday,0
MP-2026-005,P005,26-35,Monday,23.2604,77.411318,2026-01-06 20:26:00,20.3,7.67,22.66,Home,Bus_Stop,20,Tuesday,0
MP-2026-005,P005,36-45,Thursday,23.258284,77.405289,2026-01-07 00:27:00,18.1,10.56,35.0,Bus_Stop,Market,0,Wednesday,0
MP-2026-005,P005,36-45,Tuesday,23.260546,77.412821,2026-01-07 00:17:00,26.88,2.76,6.15,Market,Home,0,Wednesday,0
MP-2026-005,P005,26-35,Monday,23.258172,77.404005,2026-01-06 18:23:00,31.55,12.91,24.55,Home,Market,18,Tuesday,0
MP-2026-005,P005,36-45,Wednesday,23.259951,77.411395,2026-01-06 13:09:00,24.37,6.36,15.66,Market,Home,13,Tuesday,0
MP-2026-005,P005,36-45,Tuesday,23.214298,77.43101,2026-01-06 20:41:00,24.26,5.25,12.99,Home,College,20,Tuesday,0
MP-2026-005,P005,18-25,Tuesday,23.258409,77.404683,2026-01-06 19:31:00,29.86,15.92,31.98,College,Market,19,Tuesday,0
MP-2026-005,P005,18-25,Saturday,23.239665,77.400656,2026-01-06 18:50:00,28.26,3.15,6.68,Market,Park,18,Tuesday,0
MP-2026-005,P005,18-25,Sunday,23.25971,77.397198,2026-01-06 15:29:00,10.95,7.74,42.4,Park,Hospital,15,Tuesday,0
MP-2026-005,P005,18-25,Tuesday,23.25898,77.414373,2026-01-07 04:22:00,16.27,5.74,21.16,Hospital,Home,4,Wednesday,0
MP-2026-005,P005,36-45,Saturday,23.259449,77.401794,2026-01-07 02:16:00,15.36,9.98,39.01,Home,Market,2,Wednesday,0
MP-2026-005,P005,36-45,Sunday,23.26934,77.41223,2026-01-06 21:41:00,24.8,7.47,18.08,Market,Railway,21,Tuesday,0
MP-2026-005,P005,18-25,Saturday,23.260139,77.409552,2026-01-06 20:07:00,21.78,10.06,27.73,Railway,Bus_Stop,20,Tuesday,0
MP-2026-005,P005,26-35,Monday,23.270903,77.413866,2026-01-06 13:28:00,20.03,3.19,9.55,Bus_Stop,Railway,13,Tuesday,0
MP-2026-005,P005,18-25,Sunday,23.259002,77.4094,2026-01-07 04:28:00,19.64,9.98,30.48,Railway,Bus_Stop,4,Wednesday,0
MP-2026-005,P005,18-25,Wednesday,23.258841,77.404212,2026-01-06 13:38:00,19.6,8.46,25.9,Bus_Stop,Market,13,Tuesday,0
MP-2026-005,P005,26-35,Thursday,23.240025,77.400732,2026-01-06 23:31:00,22.86,5.5,14.45,Market,Park,23,Tuesday,0
MP-2026-005,P005,36-45,Saturday,23.260277,77.403881,2026-01-06 21:50:00,14.61,6.16,25.29,Park,Market,21,Tuesday,0
MP-2026-005,P005,18-25,Thursday,23.26864,77.412524,2026-01-07 02:56:00,27.53,11.96,26.07,Market,Railway,2,Wednesday,0
MP-2026-005,P005,26-35,Wednesday,23.258956,77.404427,2026-01-07 01:44:00,19.25,7.3,22.74,Railway,Market,1,Wednesday,0
MP-2026-005,P005,26-35,Saturday,23.269057,77.412444,2026-01-07 03:42:00,25.21,11.23,26.72,Market,Railway,3,Wednesday,0
MP-2026-005,P005,18-25,Friday,23.259322,77.405816,2026-01-06 21:35:00,31.65,16.46,31.2,Railway,Market,21,Tuesday,0
MP-2026-005,P005,26-35,Friday,23.260702,77.411498,2026-01-06 23:06:00,30.46,1.02,2.0,Market,Home,23,Tuesday,0
MP-2026-005,P005,26-35,Tuesday,23.257186,77.412888,2026-01-06 22:35:00,29.3,14.14,28.96,Home,Bus_Stop,22,Tuesday,0
MP-2026-005,P005,36-45,Tuesday,23.214415,77.43312,2026-01-06 20:39:00,13.72,4.66,20.37,Bus_Stop,College,20,Tuesday,0
MP-2026-005,P005,26-35,Sunday,23.258253,77.412637,2026-01-06 13:25:00,32.15,1.95,3.65,College,Home,13,Tuesday,0
MP-2026-005,P005,18-25,Saturday,23.216712,77.430682,2026-01-07 03:02:00,24.43,11.89,29.2,Home,College,3,Wednesday,0
MP-2026-005,P005,36-45,Sunday,23.257784,77.404841,2026-01-06 16:06:00,10.14,5.74,33.94,College,Market,16,Tuesday,0
MP-2026-005,P005,26-35,Saturday,23.270487,77.41358,2026-01-06 13:27:00,8.1,3.6,26.67,Market,Railway,13,Tuesday,0
MP-2026-005,P005,26-35,Wednesday,23.259235,77.411833,2026-01-07 02:49:00,31.36,13.34,25.51,Railway,Bus_Stop,2,Wednesday,0
MP-2026-005,P005,36-45,Thursday,23.270002,77.412979,2026-01-06 23:32:00,21.0,8.07,23.05,Bus_Stop,Railway,23,Tuesday,0
MP-2026-005,P005,18-25,Wednesday,23.259908,77.404735,2026-01-06 22:02:00,15.97,7.27,27.32,Railway,Market,22,Tuesday,0
MP-2026-005,P005,26-35,Sunday,23.269245,77.413919,2026-01-07 02:59:00,25.54,8.34,19.59,Market,Railway,2,Wednesday,0
MP-2026-005,P005,36-45,Friday,23.258662,77.413936,2026-01-06 19:14:00,20.04,2.86,8.57,Railway,Home,19,Tuesday,0
MP-2026-005,P005,36-45,Monday,23.258201,77.403797,2026-01-07 01:18:00,16.06,10.81,40.38,Home,Market,1,Wednesday,0
MP-2026-005,P005,18-25,Wednesday,23.269223,77.41375,2026-01-06 14:54:00,30.81,19.83,38.62,Market,Railway,14,Tuesday,0
MP-2026-005,P005,36-45,Friday,23.261242,77.413259,2026-01-06 16:37:00,20.99,2.05,5.85,Railway,Home,16,Tuesday,0
MP-2026-005,P005,26-35,Tuesday,23.287386823867934,77.43496891964234,2026-01-06 19:40:00,20.43,9.96,102.46143612405348,Home,Bus_Stop,19,Tuesday,0
MP-2026-005,P005,36-45,Monday,23.217077,77.434022,2026-01-07 03:39:00,34.56,14.52,25.22,Bus_Stop,College,3,Wednesday,0
MP-2026-005,P005,26-35,Thursday,23.260103,77.412119,2026-01-06 13:54:00,9.86,1.44,8.75,College,Home,13,Tuesday,0
MP-2026-005,P005,26-35,Thursday,23.259526,77.404161,2026-01-07 01:12:00,22.4,13.55,36.29,Home,Market,1,Wednesday,0
MP-2026-005,P005,26-35,Monday,23.267513,77.413935,2026-01-06 18:19:00,16.39,7.51,27.48,Market,Railway,18,Tuesday,0
MP-2026-005,P005,36-45,Monday,23.259098,77.411459,2026-01-06 19:15:00,13.57,7.33,32.41,Railway,Bus_Stop,19,Tuesday,0
MP-2026-005,P005,18-25,Saturday,23.239726,77.399774,2026-01-07 03:54:00,21.26,4.99,14.08,Bus_Stop,Park,3,Wednesday,0
MP-2026-005,P005,26-35,Tuesday,23.257082,77.395498,2026-01-06 13:41:00,18.58,7.23,23.34,Park,Hospital,13,Tuesday,0
MP-2026-005,P005,36-45,Saturday,23.258411,77.403658,2026-01-06 16:14:00,16.3,4.37,16.08,Hospital,Market,16,Tuesday,0
MP-2026-005,P005,18-25,Tuesday,23.238315,77.400578,2026-01-06 19:27:00,10.89,3.56,19.58,Market,Park,19,Tuesday,0
MP-2026-005,P005,26-35,Wednesday,23.260521,77.398801,2026-01-07 02:04:00,19.07,12.27,38.58,Park,Hospital,2,Wednesday,0
MP-2026-006,P006,18-25,Tuesday,23.258807,77.405243,2026-01-08 03:30:00,14.01,9.06,38.82,Home,Market,3,Thursday,0
MP-2026-006,P006,36-45,Sunday,23.239656,77.398553,2026-01-08 00:39:00,24.71,1.01,2.45,Market,Park,0,Thursday,0
MP-2026-006,P006,26-35,Wednesday,23.257579,77.403401,2026-01-07 14:12:00,33.63,15.49,27.63,Park,Market,14,Wednesday,0
MP-2026-006,P006,26-35,Friday,23.238572,77.402265,2026-01-07 19:38:00,17.81,6.22,20.94,Market,Park,19,Wednesday,0
MP-2026-006,P006,36-45,Monday,23.259314,77.402494,2026-01-07 21:59:00,18.73,13.59,43.53,Park,Market,21,Wednesday,0
MP-2026-006,P006,18-25,Saturday,23.26986,77.411283,2026-01-08 00:52:00,14.28,5.15,21.64,Market,Railway,0,Thursday,0
MP-2026-006,P006,36-45,Tuesday,23.261558,77.414848,2026-01-07 19:07:00,15.5,4.84,18.72,Railway,Home,19,Wednesday,0
MP-2026-006,P006,18-25,Sunday,23.260186,77.409448,2026-01-08 01:04:00,12.18,6.42,31.64,Home,Bus_Stop,1,Thursday,0
MP-2026-006,P006,18-25,Thursday,23.262035,77.404749,2026-01-07 16:12:00,33.29,20.78,37.45,Bus_Stop,Market,16,Wednesday,0
MP-2026-006,P006,26-35,Wednesday,23.23873,77.399579,2026-01-08 03:12:00,12.72,2.07,9.78,Market,Park,3,Thursday,0
MP-2026-006,P006,36-45,Tuesday,23.260742,77.412818,2026-01-08 03:58:00,27.99,7.09,15.2,Park,Home,3,Thursday,0
MP-2026-006,P006,36-45,Thursday,23.258069,77.412166,2026-01-08 02:17:00,11.12,4.41,23.8,Home,Bus_Stop,2,Thursday,0
MP-2026-006,P006,18-25,Saturday,23.258481,77.404377,2026-01-08 04:51:00,16.37,9.02,33.06,Bus_Stop,Market,4,Thursday,0
MP-2026-006,P006,36-45,Saturday,23.238845,77.400491,2026-01-07 21:31:00,12.85,2.52,11.74,Market,Park,21,Wednesday,0
MP-2026-006,P006,26-35,Friday,23.25896,77.398509,2026-01-07 23:38:00,16.43,8.29,30.28,Park,Hospital,23,Wednesday,0
MP-2026-006,P006,18-25,Monday,23.238662,77.40176,2026-01-07 18:36:00,32.52,3.78,6.98,Hospital,Park,18,Wednesday,0
MP-2026-006,P006,18-25,Saturday,23.258304,77.395521,2026-01-07 14:39:00,21.72,9.84,27.19,Park,Hospital,14,Wednesday,0
MP-2026-006,P006,18-25,Wednesday,23.260048,77.402209,2026-01-07 17:50:00,20.74,4.37,12.64,Hospital,Market,17,Wednesday,0
MP-2026-006,P006,36-45,Thursday,23.239951,77.402767,2026-01-08 02:18:00,9.77,0.39,2.38,Market,Park,2,Thursday,0
MP-2026-006,P006,26-35,Thursday,23.259923,77.412876,2026-01-08 00:07:00,25.61,4.04,9.47,Park,Home,0,Thursday,0
MP-2026-006,P006,26-35,Wednesday,23.259089,77.409123,2026-01-07 20:54:00,23.88,10.99,27.61,Home,Bus_Stop,20,Wednesday,0
MP-2026-006,P006,36-45,Monday,23.257424,77.405025,2026-01-07 15:02:00,17.23,6.73,23.46,Bus_Stop,Market,15,Wednesday,0
MP-2026-006,P006,36-45,Monday,23.237761,77.403097,2026-01-07 14:22:00,24.75,3.35,8.11,Market,Park,14,Wednesday,0
MP-2026-006,P006,26-35,Friday,23.259265,77.411332,2026-01-07 21:19:00,33.7,6.52,11.61,Park,Home,21,Wednesday,0
MP-2026-006,P006,26-35,Monday,23.259498,77.403227,2026-01-07 21:20:00,30.99,7.93,15.36,Home,Market,21,Wednesday,0
MP-2026-006,P006,36-45,Tuesday,23.269652,77.412292,2026-01-07 17:27:00,28.62,13.58,28.47,Market,Railway,17,Wednesday,0
MP-2026-006,P006,26-35,Friday,23.258783,77.403632,2026-01-08 04:04:00,18.01,6.87,22.88,Railway,Market,4,Thursday,0
MP-2026-006,P006,36-45,Tuesday,23.27142,77.413323,2026-01-08 00:50:00,36.65,18.91,30.96,Market,Railway,0,Thursday,0
MP-2026-006,P006,26-35,Sunday,23.256819,77.410954,2026-01-08 00:57:00,26.06,10.04,23.11,Railway,Bus_Stop,0,Thursday,0
MP-2026-006,P006,36-45,Tuesday,23.215104,77.434265,2026-01-07 20:36:00,25.23,7.6,18.08,Bus_Stop,College,20,Wednesday,0
MP-2026-006,P006,18-25,Monday,23.258696,77.404176,2026-01-07 15:44:00,23.36,9.57,24.58,College,Market,15,Wednesday,0
MP-2026-006,P006,36-45,Friday,23.238818,77.399978,2026-01-08 02:44:00,24.41,2.78,6.84,Market,Park,2,Thursday,0
MP-2026-006,P006,18-25,Tuesday,23.258049,77.401316,2026-01-07 17:55:00,23.59,11.53,29.33,Park,Market,17,Wednesday,0
MP-2026-006,P006,26-35,Saturday,23.237588,77.400013,2026-01-07 23:49:00,23.57,4.09,10.41,Market,Park,23,Wednesday,0
MP-2026-006,P006,36-45,Tuesday,23.26136,77.397084,2026-01-08 03:43:00,30.77,18.06,35.22,Park,Hospital,3,Thursday,0
MP-2026-006,P006,26-35,Tuesday,23.260995,77.41243,2026-01-07 14:00:00,17.15,6.05,21.17,Hospital,Home,14,Wednesday,0
MP-2026-006,P006,26-35,Thursday,23.215401,77.431185,2026-01-07 16:39:00,17.34,8.73,30.22,Home,College,16,Wednesday,0
MP-2026-006,P006,36-45,Thursday,23.258351,77.404337,2026-01-07 20:23:00,16.03,9.15,34.26,College,Market,20,Wednesday,0
MP-2026-006,P006,18-25,Friday,23.25852,77.411419,2026-01-08 02:09:00,19.29,2.72,8.46,Market,Home,2,Thursday,0
MP-2026-006,P006,26-35,Thursday,23.258642,77.404329,2026-01-07 17:29:00,21.12,12.82,36.4,Home,Market,17,Wednesday,0
MP-2026-006,P006,26-35,Thursday,23.266188,77.412625,2026-01-08 03:39:00,22.9,6.09,15.95,Market,Railway,3,Thursday,0
MP-2026-006,P006,18-25,Monday,23.260201,77.410771,2026-01-07 23:16:00,29.55,10.11,20.54,Railway,Bus_Stop,23,Wednesday,0
MP-2026-006,P006,18-25,Wednesday,23.258714,77.405544,2026-01-07 13:19:00,8.25,5.28,38.42,Bus_Stop,Market,13,Wednesday,0
MP-2026-006,P006,36-45,Friday,23.240879,77.402285,2026-01-07 13:17:00,10.79,2.36,13.1,Market,Park,13,Wednesday,0
MP-2026-006,P006,26-35,Tuesday,23.258106,77.39666,2026-01-08 01:55:00,16.19,10.38,38.47,Park,Hospital,1,Thursday,0
MP-2026-006,P006,26-35,Wednesday,23.2603,77.40332,2026-01-07 21:13:00,12.38,5.11,24.78,Hospital,Market,21,Wednesday,0
MP-2026-006,P006,26-35,Wednesday,23.238452,77.400391,2026-01-08 04:01:00,25.92,3.9,9.02,Market,Park,4,Thursday,0
MP-2026-006,P006,36-45,Saturday,23.25817,77.405254,2026-01-08 03:47:00,31.3,11.06,21.2,Park,Market,3,Thursday,0
MP-2026-006,P006,36-45,Thursday,23.272515,77.41416,2026-01-07 20:06:00,11.16,5.26,28.28,Market,Railway,20,Wednesday,0
MP-2026-006,P006,26-35,Thursday,23.259338,77.41192,2026-01-07 13:55:00,18.27,2.25,7.4,Railway,Home,13,Wednesday,0
MP-2026-006,P006,18-25,Friday,23.21387,77.433029,2026-01-07 19:15:00,9.99,6.07,36.49,Home,College,19,Wednesday,0
MP-2026-006,P006,36-45,Sunday,23.207308,77.434156,2026-01-07 15:12:00,22.51,13.99,37.3,College,Mall,15,Wednesday,0
MP-2026-006,P006,26-35,Friday,23.214632,77.430385,2026-01-07 18:31:00,21.26,8.96,25.27,Mall,College,18,Wednesday,0
MP-2026-006,P006,36-45,Saturday,23.26053,77.411235,2026-01-08 01:35:00,13.98,0.7,2.98,College,Home,1,Thursday,0
MP-2026-006,P006,26-35,Tuesday,23.258174,77.410926,2026-01-08 04:03:00,36.65,19.1,31.27,Home,Bus_Stop,4,Thursday,0
MP-2026-006,P006,18-25,Friday,23.258934,77.403441,2026-01-08 03:06:00,14.38,8.79,36.69,Bus_Stop,Market,3,Thursday,0
MP-2026-006,P006,18-25,Saturday,23.272338,77.411859,2026-01-07 16:09:00,13.72,3.46,15.15,Market,Railway,16,Wednesday,0
MP-2026-006,P006,26-35,Sunday,23.259814,77.411151,2026-01-07 19:20:00,14.58,5.19,21.33,Railway,Bus_Stop,19,Wednesday,0
MP-2026-006,P006,26-35,Monday,23.27068,77.413141,2026-01-08 00:02:00,33.51,19.16,34.31,Bus_Stop,Railway,0,Thursday,0
MP-2026-006,P006,18-25,Friday,23.257912,77.411971,2026-01-07 21:31:00,11.7,2.95,15.1,Railway,Home,21,Wednesday,0
MP-2026-006,P006,26-35,Thursday,23.259341,77.402815,2026-01-07 16:49:00,5.0,2.17,26.0,Home,Market,16,Wednesday,0
MP-2026-006,P006,36-45,Monday,23.258615,77.414894,2026-01-08 00:35:00,13.04,1.34,6.18,Market,Home,0,Thursday,0
MP-2026-006,P006,26-35,Friday,23.270063,77.414138,2026-01-07 16:38:00,20.0,7.53,22.59,Home,Railway,16,Wednesday,0
MP-2026-006,P006,18-25,Thursday,23.260352,77.412973,2026-01-07 18:55:00,25.62,6.9,16.17,Railway,Home,18,Wednesday,0
MP-2026-006,P006,36-45,Friday,23.216049,77.433322,2026-01-07 18:02:00,13.53,7.64,33.89,Home,College,18,Wednesday,0
MP-2026-006,P006,26-35,Friday,23.206214,77.437055,2026-01-07 18:11:00,10.04,6.05,36.16,College,Mall,18,Wednesday,0
MP-2026-006,P006,36-45,Saturday,23.260178,77.413376,2026-01-08 01:26:00,14.74,5.1,20.75,Mall,Home,1,Thursday,0
MP-2026-006,P006,36-45,Saturday,23.214217,77.432214,2026-01-08 02:22:00,21.81,13.57,37.33,Home,College,2,Thursday,0
MP-2026-006,P006,36-45,Sunday,23.257333,77.403286,2026-01-07 19:00:00,17.7,6.96,23.61,College,Market,19,Wednesday,0
MP-2026-006,P006,36-45,Tuesday,23.257745,77.410279,2026-01-08 04:34:00,27.82,12.69,27.37,Market,Bus_Stop,4,Thursday,0
MP-2026-006,P006,36-45,Thursday,23.217612,77.430865,2026-01-07 18:07:00,16.81,6.29,22.45,Bus_Stop,College,18,Wednesday,0
MP-2026-006,P006,36-45,Saturday,23.206727,77.435809,2026-01-07 16:08:00,30.64,13.14,25.73,College,Mall,16,Wednesday,0
MP-2026-006,P006,26-35,Tuesday,23.259349,77.410514,2026-01-07 17:44:00,23.33,2.9,7.47,Mall,Home,17,Wednesday,0
MP-2026-006,P006,36-45,Thursday,23.257732,77.402847,2026-01-07 21:19:00,23.72,13.89,35.13,Home,Market,21,Wednesday,0
MP-2026-006,P006,26-35,Saturday,23.270389,77.411076,2026-01-07 23:10:00,15.29,7.13,27.98,Market,Railway,23,Wednesday,0
MP-2026-006,P006,36-45,Wednesday,23.260004,77.404287,2026-01-07 20:07:00,24.59,16.04,39.13,Railway,Market,20,Wednesday,0
MP-2026-006,P006,18-25,Monday,23.240113,77.401899,2026-01-08 00:42:00,25.58,4.4,10.33,Market,Park,0,Thursday,0
MP-2026-006,P006,26-35,Tuesday,23.268368,77.414076,2026-01-07 18:03:00,15.37,9.73,37.98,Park,Railway,18,Wednesday,0
MP-2026-006,P006,18-25,Saturday,23.261621,77.4129,2026-01-07 14:27:00,27.55,0.92,2.0,Railway,Home,14,Wednesday,0
MP-2026-006,P006,36-45,Saturday,23.214099,77.432026,2026-01-08 02:27:00,6.5,2.16,19.93,Home,College,2,Thursday,0
MP-2026-007,P007,36-45,Saturday,23.257727,77.413162,2026-01-01 22:37:00,10.45,2.1,12.08,Home,Bus_Stop,22,Thursday,0
MP-2026-007,P007,18-25,Monday,23.215507,77.430566,2026-01-01 19:47:00,31.92,8.21,15.42,Bus_Stop,College,19,Thursday,0
MP-2026-007,P007,18-25,Wednesday,23.26003,77.412099,2026-01-01 18:25:00,17.91,1.38,4.61,College,Home,18,Thursday,0
MP-2026-007,P007,36-45,Thursday,23.259757,77.412532,2026-01-01 21:17:00,21.34,12.6,35.43,Home,Bus_Stop,21,Thursday,0
MP-2026-007,P007,26-35,Thursday,23.271043,77.412981,2026-01-02 02:21:00,16.76,12.27,43.9,Bus_Stop,Railway,2,Friday,0
MP-2026-007,P007,26-35,Wednesday,23.259715,77.402779,2026-01-02 03:57:00,7.36,4.76,38.79,Railway,Market,3,Friday,0
MP-2026-007,P007,18-25,Sunday,23.270234,77.414138,2026-01-01 19:08:00,8.22,4.18,30.52,Market,Railway,19,Thursday,0
MP-2026-007,P007,18-25,Tuesday,23.25804,77.410324,2026-01-01 15:06:00,26.46,11.62,26.36,Railway,Bus_Stop,15,Thursday,0
MP-2026-007,P007,26-35,Tuesday,23.269282,77.410964,2026-01-01 23:17:00,6.12,2.87,28.18,Bus_Stop,Railway,23,Thursday,0
MP-2026-007,P007,36-45,Thursday,23.256979,77.410788,2026-01-01 17:54:00,16.9,3.92,13.94,Railway,Home,17,Thursday,0
MP-2026-007,P007,26-35,Friday,23.260024,77.412822,2026-01-02 01:21:00,15.09,7.3,29.02,Home,Bus_Stop,1,Friday,0
MP-2026-007,P007,36-45,Saturday,23.256388,77.40489,2026-01-01 19:28:00,26.51,9.71,21.99,Bus_Stop,Market,19,Thursday,0
MP-2026-007,P007,36-45,Friday,23.256385,77.415064,2026-01-01 20:07:00,21.51,3.09,8.62,Market,Home,20,Thursday,0
MP-2026-007,P007,36-45,Sunday,23.25894,77.41051,2026-01-01 21:59:00,17.42,7.08,24.39,Home,Bus_Stop,21,Thursday,0
MP-2026-007,P007,18-25,Tuesday,23.25921,77.402396,2026-01-01 17:43:00,26.57,10.89,24.58,Bus_Stop,Market,17,Thursday,0
MP-2026-007,P007,18-25,Tuesday,23.239674,77.401894,2026-01-02 02:40:00,27.37,8.09,17.74,Market,Park,2,Friday,0
MP-2026-007,P007,36-45,Monday,23.258553,77.397122,2026-01-02 00:56:00,16.65,7.46,26.89,Park,Hospital,0,Friday,0
MP-2026-007,P007,26-35,Tuesday,23.260535,77.412668,2026-01-01 19:29:00,19.7,0.66,2.0,Hospital,Home,19,Thursday,0
MP-2026-007,P007,18-25,Sunday,23.257878,77.404254,2026-01-02 03:11:00,17.15,7.64,26.72,Home,Market,3,Friday,0
MP-2026-007,P007,18-25,Wednesday,23.271033,77.411261,2026-01-02 02:53:00,34.07,15.59,27.46,Market,Railway,2,Friday,0
MP-2026-007,P007,36-45,Monday,23.2605,77.41196,2026-01-01 14:11:00,32.79,3.35,6.12,Railway,Home,14,Thursday,0
MP-2026-007,P007,26-35,Thursday,23.258039,77.412993,2026-01-01 18:12:00,35.76,21.44,35.97,Home,Bus_Stop,18,Thursday,0
MP-2026-007,P007,26-35,Friday,23.214902,77.430591,2026-01-02 04:22:00,15.83,2.54,9.61,Bus_Stop,College,4,Friday,0
MP-2026-007,P007,36-45,Sunday,23.207392,77.435534,2026-01-01 19:22:00,14.29,4.89,20.56,College,Mall,19,Thursday,0
MP-2026-007,P007,18-25,Sunday,23.258286,77.403958,2026-01-01 23:05:00,13.44,8.13,36.29,Mall,Market,23,Thursday,0
MP-2026-007,P007,18-25,Tuesday,23.237566,77.400957,2026-01-01 17:53:00,8.21,3.1,22.67,Market,Park,17,Thursday,0
MP-2026-007,P007,26-35,Wednesday,23.260903,77.412392,2026-01-02 01:37:00,15.11,2.04,8.1,Park,Home,1,Friday,0
MP-2026-007,P007,18-25,Friday,23.257633,77.412154,2026-01-01 20:44:00,9.59,5.31,33.25,Home,Bus_Stop,20,Thursday,0
MP-2026-007,P007,26-35,Wednesday,23.260123,77.404222,2026-01-01 14:28:00,30.5,13.17,25.92,Bus_Stop,Market,14,Thursday,0
MP-2026-007,P007,18-25,Friday,23.259213,77.411652,2026-01-02 00:39:00,11.47,0.82,4.29,Market,Home,0,Friday,0
MP-2026-007,P007,18-25,Monday,23.288881285671927,77.42123307187872,2026-01-01 22:29:00,33.27,17.89,108.91383501373156,Home,Market,22,Thursday,0
MP-2026-007,P007,18-25,Thursday,23.269104,77.413542,2026-01-01 22:03:00,10.32,3.77,21.95,Market,Railway,22,Thursday,0
MP-2026-007,P007,36-45,Sunday,23.261284,77.404905,2026-01-01 14:28:00,28.06,9.91,21.19,Railway,Market,14,Thursday,0
MP-2026-007,P007,36-45,Sunday,23.238429,77.399365,2026-01-01 17:09:00,21.09,8.47,24.08,Market,Park,17,Thursday,0
MP-2026-007,P007,36-45,Monday,23.206257,77.436112,2026-01-01 22:50:00,12.77,5.3,24.89,Park,Mall,22,Thursday,0
MP-2026-007,P007,26-35,Wednesday,23.216237,77.433947,2026-01-01 22:54:00,20.38,4.81,14.15,Mall,College,22,Thursday,0
MP-2026-007,P007,36-45,Wednesday,23.258398,77.402298,2026-01-01 15:46:00,24.27,12.7,31.39,College,Market,15,Thursday,0
MP-2026-007,P007,26-35,Wednesday,23.240385,77.402655,2026-01-02 02:18:00,20.88,3.86,11.08,Market,Park,2,Friday,0
MP-2026-007,P007,18-25,Saturday,23.259047,77.397861,2026-01-02 01:06:00,24.41,12.55,30.86,Park,Hospital,1,Friday,0
MP-2026-007,P007,36-45,Wednesday,23.238385,77.40206,2026-01-01 19:16:00,25.75,0.87,2.02,Hospital,Park,19,Thursday,0
MP-2026-007,P007,26-35,Wednesday,23.258502,77.396869,2026-01-01 18:55:00,25.54,10.75,25.25,Park,Hospital,18,Thursday,0
MP-2026-007,P007,26-35,Friday,23.261135,77.413647,2026-01-01 20:53:00,17.06,3.94,13.87,Hospital,Home,20,Thursday,0
MP-2026-007,P007,36-45,Sunday,23.259347,77.411674,2026-01-01 13:49:00,5.25,3.34,38.23,Home,Bus_Stop,13,Thursday,0
MP-2026-007,P007,18-25,Thursday,23.215419,77.432801,2026-01-02 02:47:00,31.25,11.02,21.15,Bus_Stop,College,2,Friday,0
MP-2026-007,P007,26-35,Thursday,23.204637,77.438077,2026-01-01 14:14:00,15.34,6.79,26.57,College,Mall,14,Thursday,0
MP-2026-007,P007,18-25,Tuesday,23.261096,77.411724,2026-01-02 04:31:00,6.61,1.25,11.32,Mall,Home,4,Friday,0
MP-2026-007,P007,26-35,Monday,23.258718,77.411757,2026-01-02 01:24:00,19.15,8.53,26.73,Home,Bus_Stop,1,Friday,0
MP-2026-007,P007,26-35,Sunday,23.212687,77.430956,2026-01-01 18:34:00,23.23,8.56,22.1,Bus_Stop,College,18,Thursday,0
MP-2026-007,P007,36-45,Monday,23.260464,77.404955,2026-01-01 13:38:00,25.45,10.47,24.69,College,Market,13,Thursday,0
MP-2026-007,P007,26-35,Wednesday,23.237209,77.40051,2026-01-01 21:42:00,24.17,2.01,5.0,Market,Park,21,Thursday,0
MP-2026-007,P007,36-45,Wednesday,23.258791,77.413521,2026-01-01 13:23:00,13.65,0.58,2.55,Park,Home,13,Thursday,0
MP-2026-007,P007,26-35,Saturday,23.214897,77.432395,2026-01-01 16:59:00,16.37,7.44,27.25,Home,College,16,Thursday,0
MP-2026-007,P007,26-35,Tuesday,23.260153,77.404682,2026-01-01 13:14:00,28.97,15.9,32.93,College,Market,13,Thursday,0
MP-2026-007,P007,26-35,Monday,23.268898,77.413807,2026-01-01 19:39:00,14.32,8.2,34.37,Market,Railway,19,Thursday,0
MP-2026-007,P007,36-45,Saturday,23.259007,77.40844,2026-01-01 21:58:00,19.04,9.58,30.18,Railway,Bus_Stop,21,Thursday,0
MP-2026-007,P007,36-45,Thursday,23.268662,77.411688,2026-01-02 03:06:00,9.39,4.64,29.65,Bus_Stop,Railway,3,Friday,0
MP-2026-007,P007,18-25,Sunday,23.260363,77.41254,2026-01-02 02:28:00,33.53,6.62,11.85,Railway,Home,2,Friday,0
MP-2026-007,P007,26-35,Wednesday,23.257732,77.40273,2026-01-02 02:22:00,15.6,8.12,31.25,Home,Market,2,Friday,0
MP-2026-007,P007,26-35,Tuesday,23.269489,77.411051,2026-01-01 17:52:00,11.18,4.98,26.72,Market,Railway,17,Thursday,0
MP-2026-007,P007,26-35,Saturday,23.259011,77.405511,2026-01-01 13:56:00,39.92,19.03,28.61,Railway,Market,13,Thursday,0
MP-2026-007,P007,18-25,Thursday,23.258039,77.397191,2026-01-01 15:01:00,12.82,5.21,24.41,Market,Hospital,15,Thursday,0
MP-2026-007,P007,18-25,Monday,23.258707,77.413104,2026-01-01 17:57:00,14.06,1.98,8.46,Hospital,Home,17,Thursday,0
MP-2026-007,P007,36-45,Wednesday,23.258185,77.403011,2026-01-01 23:25:00,28.48,16.29,34.31,Home,Market,23,Thursday,0
MP-2026-007,P007,18-25,Tuesday,23.271152,77.412617,2026-01-02 04:22:00,38.67,16.1,24.98,Market,Railway,4,Friday,0
MP-2026-007,P007,36-45,Monday,23.258244,77.410103,2026-01-01 21:40:00,23.85,14.42,36.27,Railway,Bus_Stop,21,Thursday,0
MP-2026-007,P007,18-25,Saturday,23.259647,77.40426,2026-01-01 22:06:00,27.4,14.5,31.76,Bus_Stop,Market,22,Thursday,0
MP-2026-007,P007,18-25,Sunday,23.238163,77.400148,2026-01-01 22:50:00,33.39,10.18,18.28,Market,Park,22,Thursday,0
MP-2026-007,P007,18-25,Sunday,23.258845,77.402338,2026-01-01 22:01:00,5.0,2.53,30.33,Park,Market,22,Thursday,0
MP-2026-007,P007,18-25,Saturday,23.260057,77.411714,2026-01-01 23:09:00,30.84,2.12,4.12,Market,Home,23,Thursday,0
MP-2026-007,P007,26-35,Monday,23.258357,77.403683,2026-01-01 17:56:00,18.28,8.51,27.95,Home,Market,17,Thursday,0
MP-2026-007,P007,18-25,Monday,23.239695,77.400031,2026-01-01 17:17:00,27.97,5.12,10.98,Market,Park,17,Thursday,0
MP-2026-007,P007,36-45,Wednesday,23.257451,77.404515,2026-01-02 02:48:00,20.52,15.99,46.75,Park,Market,2,Friday,0
MP-2026-007,P007,18-25,Tuesday,23.238612,77.398996,2026-01-01 17:54:00,21.4,4.32,12.11,Market,Park,17,Thursday,0
MP-2026-007,P007,18-25,Thursday,23.258309,77.40052,2026-01-01 14:32:00,26.8,12.95,29.0,Park,Market,14,Thursday,0
MP-2026-007,P007,18-25,Saturday,23.270639,77.413389,2026-01-01 22:34:00,28.39,7.74,16.35,Market,Railway,22,Thursday,0
MP-2026-007,P007,36-45,Monday,23.260612,77.401825,2026-01-01 19:27:00,38.81,16.35,25.28,Railway,Market,19,Thursday,0
MP-2026-007,P007,18-25,Tuesday,23.259115,77.411483,2026-01-01 22:56:00,19.27,0.64,2.0,Market,Home,22,Thursday,0
MP-2026-007,P007,26-35,Tuesday,23.258763,77.398124,2026-01-01 22:43:00,25.46,18.6,43.85,Home,Hospital,22,Thursday,0
MP-2026-007,P007,36-45,Saturday,23.260803,77.411175,2026-01-02 02:47:00,21.38,0.71,2.0,Hospital,Home,2,Friday,0
MP-2026-007,P007,18-25,Thursday,23.258698,77.405313,2026-01-01 15:33:00,25.87,12.15,28.18,Home,Market,15,Thursday,0
MP-2026-008,P008,36-45,Friday,23.256821,77.411731,2026-01-02 20:06:00,31.18,22.23,42.79,Home,Bus_Stop,20,Friday,0
MP-2026-008,P008,18-25,Monday,23.269205,77.413031,2026-01-03 04:02:00,13.33,7.02,31.61,Bus_Stop,Railway,4,Saturday,1
MP-2026-008,P008,26-35,Friday,23.259186,77.401799,2026-01-02 20:20:00,26.69,14.03,31.55,Railway,Market,20,Friday,0
MP-2026-008,P008,26-35,Tuesday,23.260978,77.411309,2026-01-02 18:43:00,12.83,2.24,10.5,Market,Home,18,Friday,0
MP-2026-008,P008,26-35,Friday,23.259073,77.408232,2026-01-03 00:38:00,22.77,7.57,19.95,Home,Bus_Stop,0,Saturday,1
MP-2026-008,P008,36-45,Wednesday,23.259427,77.40423,2026-01-02 13:09:00,23.04,7.33,19.08,Bus_Stop,Market,13,Friday,0
MP-2026-008,P008,18-25,Thursday,23.268947,77.410818,2026-01-02 22:10:00,14.7,7.57,30.91,Market,Railway,22,Friday,0
MP-2026-008,P008,26-35,Saturday,23.25917,77.401092,2026-01-03 04:53:00,24.94,13.83,33.27,Railway,Market,4,Saturday,1
MP-2026-008,P008,26-35,Thursday,23.256882,77.409539,2026-01-02 22:37:00,21.14,10.24,29.07,Market,Bus_Stop,22,Friday,0
MP-2026-008,P008,18-25,Saturday,23.259035,77.403676,2026-01-02 14:37:00,19.75,7.23,21.96,Bus_Stop,Market,14,Friday,0
MP-2026-008,P008,26-35,Wednesday,23.258065,77.409437,2026-01-02 14:55:00,32.98,4.42,8.04,Market,Home,14,Friday,0
MP-2026-008,P008,26-35,Sunday,23.214418,77.432238,2026-01-02 14:56:00,18.3,11.05,36.24,Home,College,14,Friday,0
MP-2026-008,P008,18-25,Saturday,23.261101,77.412988,2026-01-03 01:53:00,30.54,1.02,2.0,College,Home,1,Saturday,1
MP-2026-008,P008,26-35,Wednesday,23.259223,77.405273,2026-01-02 13:46:00,5.39,2.61,29.02,Home,Market,13,Friday,0
MP-2026-008,P008,18-25,Monday,23.261845,77.412464,2026-01-02 18:15:00,18.23,4.14,13.62,Market,Home,18,Friday,0
MP-2026-008,P008,36-45,Tuesday,23.214117,77.432209,2026-01-02 18:12:00,14.44,4.95,20.55,Home,College,18,Friday,0
MP-2026-008,P008,36-45,Saturday,23.261544,77.410641,2026-01-02 14:36:00,17.42,5.07,17.47,College,Home,14,Friday,0
MP-2026-008,P008,26-35,Sunday,23.259095,77.411508,2026-01-02 22:51:00,22.55,8.02,21.34,Home,Bus_Stop,22,Friday,0
MP-2026-008,P008,18-25,Thursday,23.268442,77.414614,2026-01-02 15:14:00,14.36,7.66,32.0,Bus_Stop,Railway,15,Friday,0
MP-2026-008,P008,36-45,Saturday,23.257955,77.412209,2026-01-02 13:26:00,23.75,2.86,7.22,Railway,Home,13,Friday,0
MP-2026-008,P008,26-35,Thursday,23.260273,77.410231,2026-01-03 04:32:00,13.13,6.25,28.56,Home,Bus_Stop,4,Saturday,1
MP-2026-008,P008,18-25,Friday,23.268282,77.414305,2026-01-02 22:37:00,10.25,3.69,21.62,Bus_Stop,Railway,22,Friday,0
MP-2026-008,P008,26-35,Thursday,23.258864,77.410652,2026-01-02 18:50:00,6.33,0.31,2.96,Railway,Home,18,Friday,0
MP-2026-008,P008,18-25,Monday,23.21536,77.432278,2026-01-02 15:56:00,13.78,8.27,36.02,Home,College,15,Friday,0
MP-2026-008,P008,36-45,Tuesday,23.258891,77.4135,2026-01-03 00:51:00,5.0,0.69,8.3,College,Home,0,Saturday,1
MP-2026-008,P008,26-35,Sunday,23.258844,77.409737,2026-01-02 22:53:00,11.24,5.65,30.15,Home,Bus_Stop,22,Friday,0
MP-2026-008,P008,36-45,Wednesday,23.216363,77.430052,2026-01-02 19:01:00,31.52,14.85,28.27,Bus_Stop,College,19,Friday,0
MP-2026-008,P008,26-35,Thursday,23.206807,77.43758,2026-01-03 04:56:00,22.49,11.5,30.67,College,Mall,4,Saturday,1
MP-2026-008,P008,36-45,Friday,23.259282,77.412892,2026-01-02 21:49:00,19.72,1.53,4.64,Mall,Home,21,Friday,0
MP-2026-008,P008,18-25,Tuesday,23.258324,77.411004,2026-01-02 18:52:00,6.88,2.53,22.02,Home,Bus_Stop,18,Friday,0
MP-2026-008,P008,18-25,Thursday,23.268458,77.411875,2026-01-03 02:35:00,14.3,8.32,34.9,Bus_Stop,Railway,2,Saturday,1
MP-2026-008,P008,18-25,Sunday,23.259552,77.40379,2026-01-02 17:54:00,22.46,10.46,27.93,Railway,Market,17,Friday,0
MP-2026-008,P008,18-25,Sunday,23.258974,77.411067,2026-01-03 04:50:00,20.49,0.87,2.54,Market,Home,4,Saturday,1
MP-2026-008,P008,36-45,Wednesday,23.258425,77.404431,2026-01-03 03:51:00,35.48,11.14,18.84,Home,Market,3,Saturday,1
MP-2026-008,P008,18-25,Monday,23.239202,77.399929,2026-01-03 02:28:00,6.66,1.16,10.45,Market,Park,2,Saturday,1
MP-2026-008,P008,26-35,Monday,23.260313,77.397219,2026-01-02 20:45:00,24.57,2.84,6.95,Park,Hospital,20,Friday,0
MP-2026-008,P008,18-25,Wednesday,23.25629,77.410119,2026-01-02 21:28:00,26.86,14.27,31.88,Hospital,Bus_Stop,21,Friday,0
MP-2026-008,P008,18-25,Sunday,23.270193,77.409174,2026-01-02 19:19:00,17.94,7.15,23.93,Bus_Stop,Railway,19,Friday,0
MP-2026-008,P008,36-45,Tuesday,23.260857,77.410369,2026-01-02 19:08:00,20.2,2.61,7.76,Railway,Home,19,Friday,0
MP-2026-008,P008,26-35,Monday,23.259089,77.408335,2026-01-02 13:38:00,17.32,5.71,19.77,Home,Bus_Stop,13,Friday,0
MP-2026-008,P008,26-35,Monday,23.215893,77.430175,2026-01-03 02:04:00,20.07,10.01,29.94,Bus_Stop,College,2,Saturday,1
MP-2026-008,P008,18-25,Wednesday,23.206024,77.435643,2026-01-03 03:31:00,17.22,10.92,38.05,College,Mall,3,Saturday,1
MP-2026-008,P008,36-45,Wednesday,23.261417,77.411404,2026-01-02 17:48:00,26.21,1.87,4.28,Mall,Home,17,Friday,0
MP-2026-008,P008,36-45,Monday,23.255215,77.41121,2026-01-03 02:31:00,21.69,12.84,35.53,Home,Bus_Stop,2,Saturday,1
MP-2026-008,P008,18-25,Wednesday,23.25926,77.404691,2026-01-02 16:17:00,15.13,6.37,25.25,Bus_Stop,Market,16,Friday,0
MP-2026-008,P008,18-25,Thursday,23.270926,77.415223,2026-01-03 02:27:00,23.97,13.65,34.16,Market,Railway,2,Saturday,1
MP-2026-008,P008,36-45,Monday,23.258048,77.409585,2026-01-03 04:19:00,18.04,7.67,25.5,Railway,Bus_Stop,4,Saturday,1
MP-2026-008,P008,18-25,Thursday,23.215702,77.433914,2026-01-02 14:09:00,22.82,16.54,43.48,Bus_Stop,College,14,Friday,0
MP-2026-008,P008,26-35,Friday,23.259912,77.405835,2026-01-02 19:38:00,21.49,8.88,24.8,College,Market,19,Friday,0
MP-2026-008,P008,36-45,Saturday,23.261828,77.411523,2026-01-02 18:49:00,14.03,0.47,2.0,Market,Home,18,Friday,0
MP-2026-008,P008,18-25,Thursday,23.260148,77.408667,2026-01-02 20:01:00,14.56,6.14,25.32,Home,Bus_Stop,20,Friday,0
MP-2026-008,P008,18-25,Friday,23.21423,77.432035,2026-01-02 18:03:00,28.17,12.41,26.43,Bus_Stop,College,18,Friday,0
MP-2026-008,P008,18-25,Wednesday,23.2583,77.411626,2026-01-02 21:39:00,17.04,3.28,11.56,College,Home,21,Friday,0
MP-2026-008,P008,36-45,Wednesday,23.215785,77.431596,2026-01-02 21:12:00,12.67,3.37,15.95,Home,College,21,Friday,0
MP-2026-008,P008,18-25,Wednesday,23.207868,77.439999,2026-01-02 22:32:00,5.0,1.57,18.83,College,Mall,22,Friday,0
MP-2026-008,P008,36-45,Sunday,23.21775,77.432177,2026-01-02 17:55:00,23.1,15.56,40.41,Mall,College,17,Friday,0
MP-2026-008,P008,18-25,Thursday,23.206987,77.436769,2026-01-03 03:31:00,21.23,8.79,24.85,College,Mall,3,Saturday,1
MP-2026-008,P008,26-35,Thursday,23.214119,77.431802,2026-01-02 19:26:00,27.3,7.98,17.54,Mall,College,19,Friday,0
MP-2026-008,P008,36-45,Tuesday,23.259332,77.405435,2026-01-02 16:32:00,5.0,3.34,40.03,College,Market,16,Friday,0
MP-2026-008,P008,26-35,Sunday,23.238897,77.402339,2026-01-03 04:09:00,7.0,0.78,6.71,Market,Park,4,Saturday,1
MP-2026-008,P008,18-25,Sunday,23.259475,77.415758,2026-01-02 14:29:00,26.96,0.9,2.0,Park,Home,14,Friday,0
MP-2026-008,P008,18-25,Wednesday,23.259211,77.41183,2026-01-02 23:29:00,16.77,6.64,23.75,Home,Bus_Stop,23,Friday,0
MP-2026-008,P008,26-35,Wednesday,23.270155,77.408945,2026-01-02 15:08:00,10.07,4.42,26.33,Bus_Stop,Railway,15,Friday,0
MP-2026-008,P008,36-45,Wednesday,23.260296,77.405131,2026-01-02 17:38:00,30.57,19.01,37.31,Railway,Market,17,Friday,0
MP-2026-008,P008,26-35,Thursday,23.270512,77.41357,2026-01-02 16:02:00,19.06,8.53,26.85,Market,Railway,16,Friday,0
MP-2026-008,P008,26-35,Friday,23.259775,77.411838,2026-01-03 00:37:00,24.87,4.73,11.4,Railway,Home,0,Saturday,1
MP-2026-008,P008,26-35,Friday,23.260247,77.404637,2026-01-02 17:44:00,28.82,9.86,20.53,Home,Market,17,Friday,0
MP-2026-008,P008,26-35,Saturday,23.270115,77.41174,2026-01-03 01:55:00,22.97,10.71,27.97,Market,Railway,1,Saturday,1
MP-2026-008,P008,18-25,Sunday,23.25934,77.410784,2026-01-03 02:24:00,24.0,3.05,7.62,Railway,Home,2,Saturday,1
MP-2026-008,P008,18-25,Sunday,23.216464,77.43038,2026-01-02 17:55:00,13.91,3.35,14.44,Home,College,17,Friday,0
MP-2026-008,P008,26-35,Thursday,23.258372,77.413002,2026-01-02 16:44:00,22.37,6.73,18.05,College,Home,16,Friday,0
MP-2026-008,P008,26-35,Friday,23.258054,77.411692,2026-01-02 21:56:00,25.3,7.23,17.14,Home,Bus_Stop,21,Friday,0
MP-2026-008,P008,18-25,Wednesday,23.270205,77.413549,2026-01-03 01:04:00,25.32,12.76,30.24,Bus_Stop,Railway,1,Saturday,1
MP-2026-008,P008,26-35,Friday,23.26092,77.413101,2026-01-02 13:22:00,23.73,0.79,2.0,Railway,Home,13,Friday,0
MP-2026-008,P008,26-35,Friday,23.216907,77.431161,2026-01-02 22:57:00,24.43,14.44,35.47,Home,College,22,Friday,0
MP-2026-008,P008,26-35,Thursday,23.258943,77.403594,2026-01-02 17:51:00,25.52,13.86,32.59,College,Market,17,Friday,0
MP-2026-008,P008,36-45,Monday,23.238347,77.400552,2026-01-02 15:23:00,20.01,5.39,16.17,Market,Park,15,Friday,0
MP-2026-008,P008,36-45,Friday,23.260066,77.39594,2026-01-02 23:00:00,28.61,10.67,22.36,Park,Hospital,23,Friday,0
MP-2026-008,P008,36-45,Tuesday,23.25881,77.405503,2026-01-03 00:06:00,22.16,9.78,26.49,Hospital,Market,0,Saturday,1
MP-2026-008,P008,36-45,Saturday,23.269897,77.4108,2026-01-02 17:35:00,8.98,4.29,28.65,Market,Railway,17,Friday,0
MP-2026-009,P009,36-45,Friday,23.21624,77.435231,2026-01-03 15:00:00,12.59,5.61,26.74,Home,College,15,Saturday,1
MP-2026-009,P009,36-45,Sunday,23.257974,77.404112,2026-01-03 16:52:00,14.96,4.76,19.09,College,Market,16,Saturday,1
MP-2026-009,P009,18-25,Friday,23.259587,77.411114,2026-01-04 00:30:00,11.3,1.58,8.41,Market,Home,0,Sunday,1
MP-2026-009,P009,36-45,Friday,23.261334,77.403585,2026-01-03 22:38:00,14.12,5.1,21.68,Home,Market,22,Saturday,1
MP-2026-009,P009,18-25,Thursday,23.236833,77.39868,2026-01-03 15:04:00,24.67,5.18,12.59,Market,Park,15,Saturday,1
MP-2026-009,P009,26-35,Tuesday,23.258462,77.402794,2026-01-03 18:55:00,28.36,15.37,32.53,Park,Market,18,Saturday,1
MP-2026-009,P009,18-25,Tuesday,23.270439,77.41114,2026-01-03 15:49:00,21.75,7.88,21.73,Market,Railway,15,Saturday,1
MP-2026-009,P009,18-25,Saturday,23.260777,77.409498,2026-01-03 16:36:00,18.79,8.99,28.68,Railway,Bus_Stop,16,Saturday,1
MP-2026-009,P009,26-35,Monday,23.268884,77.412241,2026-01-04 00:28:00,29.32,12.15,24.86,Bus_Stop,Railway,0,Sunday,1
MP-2026-009,P009,36-45,Thursday,23.26047,77.409428,2026-01-03 15:12:00,12.7,2.72,12.83,Railway,Home,15,Saturday,1
MP-2026-009,P009,36-45,Monday,23.258798,77.401679,2026-01-03 22:43:00,20.31,9.87,29.17,Home,Market,22,Saturday,1
MP-2026-009,P009,26-35,Friday,23.259664,77.411867,2026-01-03 19:02:00,21.26,3.52,9.94,Market,Home,19,Saturday,1
MP-2026-009,P009,26-35,Thursday,23.257827,77.405004,2026-01-03 14:25:00,11.69,5.97,30.67,Home,Market,14,Saturday,1
MP-2026-009,P009,36-45,Monday,23.267182,77.411814,2026-01-04 01:59:00,22.29,12.73,34.27,Market,Railway,1,Sunday,1
MP-2026-009,P009,26-35,Wednesday,23.257529,77.405544,2026-01-04 04:07:00,21.12,10.67,30.31,Railway,Market,4,Sunday,1
MP-2026-009,P009,36-45,Sunday,23.25988,77.412473,2026-01-03 21:32:00,16.71,6.03,21.67,Market,Home,21,Saturday,1
MP-2026-009,P009,18-25,Wednesday,23.214712,77.431877,2026-01-03 13:25:00,24.92,16.01,38.54,Home,College,13,Saturday,1
MP-2026-009,P009,18-25,Monday,23.206155,77.437156,2026-01-03 22:15:00,35.21,16.72,28.49,College,Mall,22,Saturday,1
MP-2026-009,P009,26-35,Saturday,23.216553,77.43376,2026-01-03 13:54:00,13.63,5.24,23.07,Mall,College,13,Saturday,1
MP-2026-009,P009,26-35,Monday,23.262559,77.413268,2026-01-03 18:50:00,12.47,1.62,7.79,College,Home,18,Saturday,1
MP-2026-009,P009,26-35,Wednesday,23.21492,77.430905,2026-01-03 21:14:00,19.16,11.55,36.18,Home,College,21,Saturday,1
MP-2026-009,P009,18-25,Wednesday,23.257973,77.404043,2026-01-03 20:58:00,27.66,8.92,19.36,College,Market,20,Saturday,1
MP-2026-009,P009,36-45,Saturday,23.270162,77.412576,2026-01-04 00:28:00,13.69,4.51,19.78,Market,Railway,0,Sunday,1
MP-2026-009,P009,18-25,Wednesday,23.259236,77.410966,2026-01-04 04:53:00,25.18,11.15,26.57,Railway,Bus_Stop,4,Sunday,1
MP-2026-009,P009,26-35,Monday,23.269951,77.412533,2026-01-03 22:13:00,12.91,6.5,30.18,Bus_Stop,Railway,22,Saturday,1
MP-2026-009,P009,18-25,Monday,23.258522,77.405492,2026-01-03 22:58:00,16.13,10.17,37.85,Railway,Market,22,Saturday,1
MP-2026-009,P009,36-45,Friday,23.25917,77.413311,2026-01-03 18:22:00,26.15,2.95,6.76,Market,Home,18,Saturday,1
MP-2026-009,P009,36-45,Wednesday,23.216058,77.431879,2026-01-03 19:29:00,19.62,9.68,29.61,Home,College,19,Saturday,1
MP-2026-009,P009,26-35,Monday,23.260047,77.411935,2026-01-03 22:04:00,24.6,6.56,15.99,College,Home,22,Saturday,1
MP-2026-009,P009,18-25,Monday,23.257573,77.40394,2026-01-03 13:00:00,19.05,9.19,28.94,Home,Market,13,Saturday,1
MP-2026-009,P009,18-25,Saturday,23.23947,77.402761,2026-01-03 19:12:00,21.39,5.1,14.31,Market,Park,19,Saturday,1
MP-2026-009,P009,18-25,Tuesday,23.261124,77.413258,2026-01-03 16:11:00,20.64,3.13,9.11,Park,Home,16,Saturday,1
MP-2026-009,P009,26-35,Monday,23.257203,77.405537,2026-01-03 14:14:00,9.88,5.37,32.63,Home,Market,14,Saturday,1
MP-2026-009,P009,36-45,Friday,23.258707,77.412899,2026-01-04 04:34:00,13.27,2.98,13.48,Market,Home,4,Sunday,1
MP-2026-009,P009,18-25,Sunday,23.212943,77.431512,2026-01-03 22:13:00,26.88,20.32,45.36,Home,College,22,Saturday,1
MP-2026-009,P009,18-25,Saturday,23.26135,77.412559,2026-01-03 19:39:00,12.17,0.41,2.0,College,Home,19,Saturday,1
MP-2026-009,P009,18-25,Wednesday,23.258946,77.411461,2026-01-03 14:19:00,20.37,10.41,30.68,Home,Bus_Stop,14,Saturday,1
MP-2026-009,P009,26-35,Thursday,23.258759,77.402493,2026-01-03 13:15:00,22.95,12.68,33.14,Bus_Stop,Market,13,Saturday,1
MP-2026-009,P009,18-25,Tuesday,23.238781,77.401452,2026-01-03 13:31:00,7.23,0.98,8.16,Market,Park,13,Saturday,1
MP-2026-009,P009,26-35,Friday,23.258932,77.403596,2026-01-03 18:38:00,5.0,2.77,33.3,Park,Market,18,Saturday,1
MP-2026-009,P009,36-45,Wednesday,23.27119,77.412413,2026-01-03 22:53:00,16.38,8.52,31.21,Market,Railway,22,Saturday,1
MP-2026-009,P009,26-35,Saturday,23.260073,77.410511,2026-01-03 16:57:00,21.93,3.49,9.56,Railway,Home,16,Saturday,1
MP-2026-009,P009,26-35,Friday,23.255343,77.403491,2026-01-03 20:19:00,33.98,16.71,29.5,Home,Market,20,Saturday,1
MP-2026-009,P009,18-25,Friday,23.269661,77.414388,2026-01-03 19:18:00,13.93,5.74,24.72,Market,Railway,19,Saturday,1
MP-2026-009,P009,26-35,Sunday,23.259175,77.411414,2026-01-03 16:14:00,27.76,9.15,19.78,Railway,Home,16,Saturday,1
MP-2026-009,P009,36-45,Saturday,23.256086,77.409865,2026-01-03 23:07:00,23.14,11.6,30.07,Home,Bus_Stop,23,Saturday,1
MP-2026-009,P009,36-45,Sunday,23.259623,77.402827,2026-01-03 15:52:00,34.3,16.18,28.3,Bus_Stop,Market,15,Saturday,1
MP-2026-009,P009,26-35,Sunday,23.259087,77.413099,2026-01-03 18:20:00,13.39,1.49,6.67,Market,Home,18,Saturday,1
MP-2026-009,P009,36-45,Monday,23.257306,77.403713,2026-01-03 15:36:00,28.1,8.73,18.65,Home,Market,15,Saturday,1
MP-2026-009,P009,26-35,Thursday,23.267386,77.413543,2026-01-04 03:22:00,52.42,21.61,24.74,Market,Railway,3,Sunday,1
MP-2026-009,P009,26-35,Sunday,23.260601,77.413337,2026-01-03 15:23:00,30.99,8.76,16.96,Railway,Home,15,Saturday,1
MP-2026-009,P009,26-35,Wednesday,23.25844,77.403248,2026-01-04 00:11:00,32.88,12.38,22.6,Home,Market,0,Sunday,1
MP-2026-009,P009,18-25,Thursday,23.267217,77.412389,2026-01-04 00:23:00,22.65,12.44,32.96,Market,Railway,0,Sunday,1
MP-2026-009,P009,18-25,Tuesday,23.258641,77.403389,2026-01-03 20:38:00,20.32,8.79,25.94,Railway,Market,20,Saturday,1
MP-2026-009,P009,36-45,Saturday,23.268626,77.412271,2026-01-04 02:52:00,30.6,12.43,24.37,Market,Railway,2,Sunday,1
MP-2026-009,P009,36-45,Sunday,23.255801,77.410529,2026-01-03 22:19:00,11.95,4.98,24.99,Railway,Bus_Stop,22,Saturday,1
MP-2026-009,P009,18-25,Friday,23.214799,77.431183,2026-01-03 15:57:00,20.07,3.13,9.35,Bus_Stop,College,15,Saturday,1
MP-2026-009,P009,36-45,Thursday,23.25981,77.411571,2026-01-03 19:14:00,5.0,1.47,17.68,College,Home,19,Saturday,1
MP-2026-009,P009,26-35,Saturday,23.261025,77.40731,2026-01-03 17:40:00,19.31,11.07,34.41,Home,Bus_Stop,17,Saturday,1
MP-2026-009,P009,36-45,Friday,23.215805,77.432529,2026-01-04 03:01:00,18.61,11.37,36.65,Bus_Stop,College,3,Sunday,1
MP-2026-009,P009,36-45,Thursday,23.258537,77.404521,2026-01-03 20:44:00,22.92,14.79,38.7,College,Market,20,Saturday,1
MP-2026-009,P009,26-35,Sunday,23.239001,77.399865,2026-01-03 22:33:00,13.16,3.82,17.43,Market,Park,22,Saturday,1
MP-2026-009,P009,36-45,Wednesday,23.259113,77.412317,2026-01-03 20:33:00,14.49,4.16,17.24,Park,Home,20,Saturday,1
MP-2026-009,P009,36-45,Monday,23.25779,77.401497,2026-01-03 23:27:00,5.0,2.59,31.07,Home,Market,23,Saturday,1
MP-2026-009,P009,18-25,Tuesday,23.258462,77.413664,2026-01-03 21:32:00,22.25,4.08,11.01,Market,Home,21,Saturday,1
MP-2026-009,P009,26-35,Monday,23.260372,77.405222,2026-01-04 01:00:00,13.86,6.25,27.06,Home,Market,1,Sunday,1
MP-2026-009,P009,36-45,Friday,23.259936,77.40446,2026-01-03 13:48:00,21.95,10.1,27.6,Market,Market,13,Saturday,1
MP-2026-009,P009,36-45,Friday,23.269325,77.411398,2026-01-03 18:03:00,25.62,12.82,30.02,Market,Railway,18,Saturday,1
MP-2026-009,P009,36-45,Sunday,23.259526,77.414073,2026-01-04 04:06:00,25.87,9.14,21.19,Railway,Home,4,Sunday,1
MP-2026-009,P009,18-25,Friday,23.29207528581157,77.43996241079336,2026-01-04 04:25:00,36.34,8.03,90.44965323566494,Home,Bus_Stop,4,Sunday,1
MP-2026-009,P009,36-45,Sunday,23.213687,77.431748,2026-01-04 01:30:00,10.12,7.41,43.94,Bus_Stop,College,1,Sunday,1
MP-2026-009,P009,36-45,Friday,23.205043,77.437547,2026-01-04 04:47:00,36.03,18.04,30.04,College,Mall,4,Sunday,1
MP-2026-009,P009,26-35,Wednesday,23.216459,77.434873,2026-01-03 21:50:00,7.09,3.1,26.2,Mall,College,21,Saturday,1
MP-2026-009,P009,26-35,Monday,23.207099,77.434969,2026-01-04 02:07:00,15.84,10.18,38.56,College,Mall,2,Sunday,1
MP-2026-009,P009,36-45,Saturday,23.260087,77.410744,2026-01-03 20:22:00,26.48,12.0,27.19,Mall,Bus_Stop,20,Saturday,1
MP-2026-009,P009,26-35,Sunday,23.215957,77.434523,2026-01-03 20:37:00,14.25,3.87,16.3,Bus_Stop,College,20,Saturday,1
MP-2026-009,P009,26-35,Sunday,23.204976,77.436473,2026-01-03 22:47:00,18.36,10.16,33.21,College,Mall,22,Saturday,1
MP-2026-009,P009,26-35,Sunday,23.26012,77.401887,2026-01-03 21:04:00,7.56,4.06,32.27,Mall,Market,21,Saturday,1
MP-2026-009,P009,26-35,Wednesday,23.25773,77.410479,2026-01-03 18:58:00,32.18,10.84,20.21,Market,Bus_Stop,18,Saturday,1
MP-2026-009,P009,26-35,Thursday,23.281438049511088,77.43033391205596,2026-01-03 23:53:00,19.79,7.54,118.79078852865064,Bus_Stop,Market,23,Saturday,1
MP-2026-010,P010,26-35,Monday,23.261739,77.410475,2026-01-04 18:24:00,26.09,9.35,21.5,Home,Bus_Stop,18,Sunday,1
MP-2026-010,P010,26-35,Wednesday,23.25808,77.404082,2026-01-04 23:48:00,29.53,16.21,32.94,Bus_Stop,Market,23,Sunday,1
MP-2026-010,P010,18-25,Wednesday,23.272063,77.413373,2026-01-04 16:36:00,37.72,20.81,33.09,Market,Railway,16,Sunday,1
MP-2026-010,P010,18-25,Monday,23.258952,77.402315,2026-01-04 14:51:00,5.0,1.61,19.36,Railway,Market,14,Sunday,1
MP-2026-010,P010,36-45,Monday,23.258698,77.413546,2026-01-04 13:35:00,18.9,5.26,16.72,Market,Home,13,Sunday,1
MP-2026-010,P010,36-45,Sunday,23.25822,77.404732,2026-01-04 13:06:00,19.89,8.65,26.08,Home,Market,13,Sunday,1
MP-2026-010,P010,26-35,Sunday,23.237827,77.399434,2026-01-04 17:38:00,17.78,3.7,12.47,Market,Park,17,Sunday,1
MP-2026-010,P010,26-35,Friday,23.259699,77.403459,2026-01-04 14:38:00,14.73,5.68,23.15,Park,Market,14,Sunday,1
MP-2026-010,P010,18-25,Tuesday,23.239203,77.401537,2026-01-05 00:18:00,14.71,2.07,8.45,Market,Park,0,Monday,0
MP-2026-010,P010,36-45,Thursday,23.259351,77.396746,2026-01-04 18:42:00,27.92,12.7,27.29,Park,Hospital,18,Sunday,1
MP-2026-010,P010,26-35,Thursday,23.25758,77.413436,2026-01-05 02:06:00,26.09,0.87,2.0,Hospital,Home,2,Monday,0
MP-2026-010,P010,36-45,Monday,23.218661,77.43278,2026-01-04 16:02:00,27.79,15.54,33.56,Home,College,16,Sunday,1
MP-2026-010,P010,26-35,Friday,23.259755,77.403571,2026-01-04 13:21:00,33.27,9.76,17.6,College,Market,13,Sunday,1
MP-2026-010,P010,18-25,Saturday,23.26056,77.414762,2026-01-04 17:54:00,5.0,1.74,20.88,Market,Home,17,Sunday,1
MP-2026-010,P010,36-45,Monday,23.215862,77.431464,2026-01-05 04:55:00,8.85,3.32,22.49,Home,College,4,Monday,0
MP-2026-010,P010,18-25,Friday,23.287284606219604,77.43406004424604,2026-01-04 14:21:00,5.0,0.37,97.85334961763311,College,Home,14,Sunday,1
MP-2026-010,P010,36-45,Sunday,23.257408,77.409925,2026-01-04 15:46:00,39.05,16.63,25.54,Home,Bus_Stop,15,Sunday,1
MP-2026-010,P010,26-35,Wednesday,23.215455,77.433089,2026-01-04 17:56:00,36.5,6.01,9.88,Bus_Stop,College,17,Sunday,1
MP-2026-010,P010,18-25,Friday,23.205785,77.43717,2026-01-04 13:05:00,23.09,16.34,42.47,College,Mall,13,Sunday,1
MP-2026-010,P010,26-35,Thursday,23.260191,77.410295,2026-01-04 18:53:00,25.86,6.43,14.91,Mall,Home,18,Sunday,1
MP-2026-010,P010,18-25,Friday,23.259638,77.406202,2026-01-04 19:06:00,17.94,6.16,20.61,Home,Market,19,Sunday,1
MP-2026-010,P010,26-35,Saturday,23.259808,77.411694,2026-01-05 03:54:00,7.95,0.79,5.99,Market,Home,3,Monday,0
MP-2026-010,P010,26-35,Saturday,23.259866,77.410484,2026-01-05 03:10:00,18.43,10.48,34.14,Home,Bus_Stop,3,Monday,0
MP-2026-010,P010,26-35,Wednesday,23.257381,77.40363,2026-01-04 14:51:00,5.0,1.47,17.59,Bus_Stop,Market,14,Sunday,1
MP-2026-010,P010,18-25,Thursday,23.260049,77.412318,2026-01-04 13:33:00,15.85,4.74,17.94,Market,Home,13,Sunday,1
MP-2026-010,P010,18-25,Wednesday,23.214682,77.433403,2026-01-04 18:19:00,15.62,9.28,35.64,Home,College,18,Sunday,1
MP-2026-010,P010,36-45,Wednesday,23.208828,77.438545,2026-01-05 01:23:00,17.08,9.11,32.02,College,Mall,1,Monday,0
MP-2026-010,P010,26-35,Tuesday,23.213835,77.430485,2026-01-04 23:02:00,11.36,6.2,32.74,Mall,College,23,Sunday,1
MP-2026-010,P010,18-25,Monday,23.207996,77.435082,2026-01-04 22:01:00,17.67,10.5,35.64,College,Mall,22,Sunday,1
MP-2026-010,P010,26-35,Wednesday,23.260736,77.412935,2026-01-04 16:08:00,12.16,3.11,15.35,Mall,Home,16,Sunday,1
MP-2026-010,P010,18-25,Sunday,23.258845,77.402978,2026-01-04 19:15:00,14.03,8.14,34.82,Home,Market,19,Sunday,1
MP-2026-010,P010,26-35,Wednesday,23.238994,77.400419,2026-01-04 18:07:00,30.97,4.51,8.74,Market,Park,18,Sunday,1
MP-2026-010,P010,26-35,Wednesday,23.259235,77.409377,2026-01-05 01:24:00,18.54,6.22,20.14,Park,Bus_Stop,1,Monday,0
MP-2026-010,P010,36-45,Wednesday,23.269514,77.413958,2026-01-04 13:41:00,21.74,8.83,24.38,Bus_Stop,Railway,13,Sunday,1
MP-2026-010,P010,26-35,Sunday,23.259058,77.402782,2026-01-04 19:06:00,16.61,6.94,25.06,Railway,Market,19,Sunday,1
MP-2026-010,P010,18-25,Tuesday,23.237974,77.400402,2026-01-04 18:36:00,14.65,4.0,16.38,Market,Park,18,Sunday,1
MP-2026-010,P010,26-35,Thursday,23.237146,77.401824,2026-01-04 16:47:00,20.41,6.73,19.77,Park,Park,16,Sunday,1
MP-2026-010,P010,36-45,Friday,23.259505,77.41461,2026-01-04 14:09:00,16.1,2.39,8.89,Park,Home,14,Sunday,1
MP-2026-010,P010,36-45,Friday,23.217237,77.431412,2026-01-04 14:59:00,28.74,14.06,29.36,Home,College,14,Sunday,1
MP-2026-010,P010,26-35,Friday,23.259383,77.4032,2026-01-05 03:48:00,17.38,7.36,25.41,College,Market,3,Monday,0
MP-2026-010,P010,26-35,Friday,23.260589,77.409976,2026-01-05 04:30:00,30.09,5.9,11.77,Market,Home,4,Monday,0
MP-2026-010,P010,26-35,Tuesday,23.257385,77.410419,2026-01-04 16:35:00,34.83,15.61,26.9,Home,Bus_Stop,16,Sunday,1
MP-2026-010,P010,18-25,Friday,23.258508,77.397924,2026-01-05 02:01:00,20.4,6.98,20.53,Bus_Stop,Hospital,2,Monday,0
MP-2026-010,P010,18-25,Wednesday,23.25903,77.402939,2026-01-04 20:09:00,7.9,4.93,37.46,Hospital,Market,20,Sunday,1
MP-2026-010,P010,36-45,Tuesday,23.271512,77.413397,2026-01-04 14:25:00,21.42,4.82,13.5,Market,Railway,14,Sunday,1
MP-2026-010,P010,26-35,Monday,23.258161,77.404194,2026-01-04 22:46:00,8.19,4.86,35.64,Railway,Market,22,Sunday,1
MP-2026-010,P010,18-25,Wednesday,23.267329,77.412974,2026-01-05 01:24:00,9.97,5.01,30.14,Market,Railway,1,Monday,0
MP-2026-010,P010,26-35,Tuesday,23.256862,77.41188,2026-01-04 20:58:00,17.73,5.51,18.66,Railway,Bus_Stop,20,Sunday,1
MP-2026-010,P010,36-45,Friday,23.21699,77.43214,2026-01-05 03:10:00,29.83,13.71,27.57,Bus_Stop,College,3,Monday,0
MP-2026-010,P010,36-45,Thursday,23.258787,77.404787,2026-01-04 14:48:00,16.63,4.93,17.8,College,Market,14,Sunday,1
MP-2026-010,P010,18-25,Wednesday,23.270426,77.411864,2026-01-04 15:08:00,15.8,2.57,9.77,Market,Railway,15,Sunday,1
MP-2026-010,P010,36-45,Saturday,23.257979,77.403351,2026-01-04 20:03:00,26.13,12.85,29.51,Railway,Market,20,Sunday,1
MP-2026-010,P010,18-25,Friday,23.259055,77.410168,2026-01-05 00:03:00,25.1,17.61,42.1,Market,Bus_Stop,0,Monday,0
MP-2026-010,P010,18-25,Tuesday,23.258246,77.403667,2026-01-05 00:57:00,17.85,4.21,14.15,Bus_Stop,Market,0,Monday,0
MP-2026-010,P010,18-25,Saturday,23.26085,77.410614,2026-01-05 02:47:00,15.3,2.7,10.6,Market,Home,2,Monday,0
MP-2026-010,P010,18-25,Monday,23.282451858484137,77.42147358867152,2026-01-04 20:51:00,5.0,2.69,85.30754447303383,Home,Market,20,Sunday,1
MP-2026-010,P010,26-35,Monday,23.267185,77.412719,2026-01-05 02:58:00,14.31,9.58,40.18,Market,Railway,2,Monday,0
MP-2026-010,P010,36-45,Friday,23.257006,77.410336,2026-01-05 02:37:00,23.2,13.48,34.86,Railway,Bus_Stop,2,Monday,0
MP-2026-010,P010,18-25,Saturday,23.214521,77.43157,2026-01-04 15:01:00,20.57,13.93,40.63,Bus_Stop,College,15,Sunday,1
MP-2026-010,P010,26-35,Thursday,23.258244,77.40189,2026-01-04 21:07:00,18.87,8.3,26.41,College,Market,21,Sunday,1
MP-2026-010,P010,36-45,Monday,23.241082,77.400529,2026-01-04 19:46:00,10.54,2.65,15.07,Market,Park,19,Sunday,1
MP-2026-010,P010,26-35,Monday,23.258013,77.395197,2026-01-04 15:46:00,13.75,5.34,23.32,Park,Hospital,15,Sunday,1
MP-2026-010,P010,18-25,Sunday,23.2599,77.40298,2026-01-04 14:50:00,30.41,15.83,31.23,Hospital,Market,14,Sunday,1
MP-2026-010,P010,18-25,Monday,23.26081,77.410992,2026-01-05 01:43:00,25.15,2.97,7.1,Market,Home,1,Monday,0
MP-2026-010,P010,18-25,Friday,23.217342,77.431113,2026-01-04 13:13:00,8.39,3.85,27.55,Home,College,13,Sunday,1
MP-2026-010,P010,18-25,Tuesday,23.204293,77.433255,2026-01-04 14:15:00,25.98,10.23,23.63,College,Mall,14,Sunday,1
MP-2026-010,P010,36-45,Tuesday,23.262322,77.412877,2026-01-05 02:28:00,12.01,2.39,11.91,Mall,Home,2,Monday,0
MP-2026-010,P010,26-35,Friday,23.258427,77.402653,2026-01-05 00:22:00,21.55,8.38,23.32,Home,Market,0,Monday,0
MP-2026-010,P010,36-45,Friday,23.270608,77.415043,2026-01-04 13:38:00,14.21,8.57,36.17,Market,Railway,13,Sunday,1
MP-2026-010,P010,26-35,Sunday,23.256876,77.411638,2026-01-04 21:26:00,23.06,8.73,22.72,Railway,Bus_Stop,21,Sunday,1
MP-2026-010,P010,26-35,Friday,23.213868,77.432824,2026-01-05 03:06:00,27.76,12.26,26.5,Bus_Stop,College,3,Monday,0
MP-2026-010,P010,36-45,Tuesday,23.258853,77.413178,2026-01-04 17:55:00,10.35,0.39,2.27,College,Home,17,Sunday,1
MP-2026-010,P010,18-25,Monday,23.259946,77.410612,2026-01-04 22:25:00,19.74,7.42,22.56,Home,Bus_Stop,22,Sunday,1
MP-2026-010,P010,26-35,Tuesday,23.269983,77.412835,2026-01-04 20:05:00,21.3,13.88,39.08,Bus_Stop,Railway,20,Sunday,1
MP-2026-010,P010,18-25,Wednesday,23.260786,77.405334,2026-01-05 01:57:00,26.92,10.24,22.82,Railway,Market,1,Monday,0
MP-2026-010,P010,18-25,Saturday,23.258918,77.412613,2026-01-05 04:51:00,25.79,0.86,2.0,Market,Home,4,Monday,0
MP-2026-010,P010,26-35,Saturday,23.25879,77.412082,2026-01-05 03:05:00,6.06,3.36,33.32,Home,Bus_Stop,3,Monday,0
MP-2026-010,P010,26-35,Friday,23.216887,77.433215,2026-01-04 23:52:00,29.03,13.1,27.08,Bus_Stop,College,23,Sunday,1
MP-2026-010,P010,26-35,Thursday,23.208154,77.436194,2026-01-04 15:23:00,19.9,9.87,29.75,College,Mall,15,Sunday,1
MP-2026-010,P010,36-45,Wednesday,23.215015,77.430276,2026-01-05 01:58:00,25.8,9.85,22.91,Mall,College,1,Monday,0
MP-2026-011,P011,18-25,Friday,23.215077,77.431242,2026-01-05 20:34:00,16.4,8.23,30.1,Home,College,20,Monday,0
MP-2026-011,P011,26-35,Saturday,23.205199,77.437147,2026-01-05 15:14:00,17.27,6.14,21.34,College,Mall,15,Monday,0
MP-2026-011,P011,36-45,Tuesday,23.215499,77.429748,2026-01-06 03:06:00,31.93,13.2,24.81,Mall,College,3,Tuesday,0
MP-2026-011,P011,36-45,Wednesday,23.257582,77.404037,2026-01-05 16:26:00,24.19,16.12,39.98,College,Market,16,Monday,0
MP-2026-011,P011,18-25,Friday,23.268948,77.412148,2026-01-06 01:25:00,24.9,11.32,27.27,Market,Railway,1,Tuesday,0
MP-2026-011,P011,26-35,Monday,23.257477,77.413259,2026-01-06 00:56:00,22.39,6.28,16.82,Railway,Home,0,Tuesday,0
MP-2026-011,P011,26-35,Monday,23.256836,77.404321,2026-01-05 18:29:00,23.18,13.14,34.0,Home,Market,18,Monday,0
MP-2026-011,P011,18-25,Thursday,23.240375,77.400735,2026-01-06 02:21:00,33.01,1.1,2.0,Market,Park,2,Tuesday,0
MP-2026-011,P011,18-25,Saturday,23.215079,77.434067,2026-01-05 23:10:00,11.73,6.25,31.97,Park,College,23,Monday,0
MP-2026-011,P011,18-25,Thursday,23.257514,77.410316,2026-01-05 22:04:00,15.51,2.96,11.47,College,Home,22,Monday,0
MP-2026-011,P011,36-45,Monday,23.217152,77.43434,2026-01-05 22:12:00,12.06,6.1,30.37,Home,College,22,Monday,0
MP-2026-011,P011,26-35,Tuesday,23.256632,77.404817,2026-01-05 20:05:00,12.19,5.66,27.87,College,Market,20,Monday,0
MP-2026-011,P011,18-25,Monday,23.266877,77.412349,2026-01-05 14:08:00,11.66,5.18,26.63,Market,Railway,14,Monday,0
MP-2026-011,P011,36-45,Thursday,23.259278,77.413624,2026-01-05 16:16:00,22.06,0.74,2.0,Railway,Home,16,Monday,0
MP-2026-011,P011,18-25,Saturday,23.215694,77.432415,2026-01-05 14:00:00,16.86,9.45,33.64,Home,College,14,Monday,0
MP-2026-011,P011,26-35,Sunday,23.25969,77.403357,2026-01-05 18:09:00,25.8,8.48,19.73,College,Market,18,Monday,0
MP-2026-011,P011,36-45,Saturday,23.238935,77.39961,2026-01-05 18:53:00,5.06,0.29,3.46,Market,Park,18,Monday,0
MP-2026-011,P011,18-25,Tuesday,23.262121,77.412286,2026-01-05 15:26:00,19.15,2.56,8.01,Park,Home,15,Monday,0
MP-2026-011,P011,18-25,Tuesday,23.259054,77.410214,2026-01-05 20:27:00,5.0,3.45,41.39,Home,Bus_Stop,20,Monday,0
MP-2026-011,P011,36-45,Saturday,23.259153,77.403852,2026-01-05 23:15:00,25.38,12.71,30.05,Bus_Stop,Market,23,Monday,0
MP-2026-011,P011,36-45,Friday,23.238034,77.40039,2026-01-06 02:51:00,11.07,2.91,15.75,Market,Park,2,Tuesday,0
MP-2026-011,P011,36-45,Monday,23.25994,77.412922,2026-01-05 14:49:00,17.76,1.61,5.45,Park,Home,14,Monday,0
MP-2026-011,P011,36-45,Wednesday,23.258569,77.410541,2026-01-06 02:45:00,22.33,5.82,15.65,Home,Bus_Stop,2,Tuesday,0
MP-2026-011,P011,26-35,Saturday,23.257676,77.404985,2026-01-05 14:16:00,34.17,18.63,32.71,Bus_Stop,Market,14,Monday,0
MP-2026-011,P011,18-25,Wednesday,23.27003,77.411164,2026-01-05 22:03:00,17.19,4.77,16.66,Market,Railway,22,Monday,0
MP-2026-011,P011,36-45,Friday,23.259402,77.413502,2026-01-05 13:43:00,12.81,2.54,11.91,Railway,Home,13,Monday,0
MP-2026-011,P011,18-25,Wednesday,23.215814,77.430616,2026-01-06 03:16:00,25.17,12.74,30.37,Home,College,3,Tuesday,0
MP-2026-011,P011,26-35,Tuesday,23.25971,77.412861,2026-01-06 01:24:00,16.91,1.53,5.43,College,Home,1,Tuesday,0
MP-2026-011,P011,36-45,Friday,23.259688,77.404546,2026-01-05 21:22:00,17.22,8.74,30.45,Home,Market,21,Monday,0
MP-2026-011,P011,36-45,Saturday,23.260707,77.410799,2026-01-05 21:28:00,16.14,0.54,2.0,Market,Home,21,Monday,0
MP-2026-011,P011,36-45,Wednesday,23.258451,77.404132,2026-01-06 00:15:00,21.33,12.62,35.49,Home,Market,0,Tuesday,0
MP-2026-011,P011,18-25,Friday,23.23772,77.399497,2026-01-06 03:15:00,17.44,3.02,10.39,Market,Park,3,Tuesday,0
MP-2026-011,P011,36-45,Sunday,23.259637,77.412624,2026-01-05 23:49:00,19.58,3.32,10.19,Park,Home,23,Monday,0
MP-2026-011,P011,36-45,Saturday,23.214658,77.434127,2026-01-05 17:55:00,23.25,14.26,36.8,Home,College,17,Monday,0
MP-2026-011,P011,26-35,Friday,23.207806,77.437251,2026-01-05 20:52:00,11.21,6.07,32.52,College,Mall,20,Monday,0
MP-2026-011,P011,18-25,Monday,23.214829,77.43282,2026-01-05 13:03:00,17.38,9.14,31.57,Mall,College,13,Monday,0
MP-2026-011,P011,26-35,Thursday,23.259678,77.403991,2026-01-05 22:22:00,18.78,4.13,13.2,College,Market,22,Monday,0
MP-2026-011,P011,26-35,Friday,23.238711,77.400357,2026-01-05 21:41:00,23.53,8.52,21.71,Market,Park,21,Monday,0
MP-2026-011,P011,18-25,Sunday,23.259877,77.403427,2026-01-05 14:06:00,8.32,3.16,22.8,Park,Market,14,Monday,0
MP-2026-011,P011,18-25,Monday,23.239491,77.402,2026-01-05 19:19:00,23.03,4.87,12.69,Market,Park,19,Monday,0
MP-2026-011,P011,36-45,Sunday,23.259664,77.39703,2026-01-05 22:28:00,15.78,8.66,32.92,Park,Hospital,22,Monday,0
MP-2026-011,P011,36-45,Friday,23.217001,77.432002,2026-01-05 13:30:00,10.75,6.06,33.81,Hospital,College,13,Monday,0
MP-2026-011,P011,18-25,Saturday,23.258164,77.41411,2026-01-06 03:54:00,11.18,0.37,2.0,College,Home,3,Tuesday,0
MP-2026-011,P011,18-25,Wednesday,23.259823,77.401416,2026-01-06 02:32:00,10.39,5.2,30.05,Home,Market,2,Tuesday,0
MP-2026-011,P011,18-25,Friday,23.237702,77.402948,2026-01-05 21:08:00,11.71,2.08,10.66,Market,Park,21,Monday,0
MP-2026-011,P011,36-45,Tuesday,23.260368,77.414002,2026-01-06 00:05:00,21.11,3.79,10.78,Park,Home,0,Tuesday,0
MP-2026-011,P011,18-25,Monday,23.268515,77.411945,2026-01-05 14:52:00,17.97,9.56,31.92,Home,Railway,14,Monday,0
MP-2026-011,P011,18-25,Saturday,23.256902,77.411872,2026-01-05 19:13:00,15.62,5.57,21.41,Railway,Bus_Stop,19,Monday,0
MP-2026-011,P011,18-25,Thursday,23.216968,77.430995,2026-01-06 04:26:00,18.49,11.0,35.7,Bus_Stop,College,4,Tuesday,0
MP-2026-011,P011,18-25,Sunday,23.208086,77.435662,2026-01-05 20:43:00,11.39,4.93,26.0,College,Mall,20,Monday,0
MP-2026-011,P011,26-35,Tuesday,23.213637,77.433162,2026-01-05 15:04:00,20.93,8.99,25.78,Mall,College,15,Monday,0
MP-2026-011,P011,18-25,Friday,23.207634,77.437164,2026-01-06 01:15:00,16.63,7.5,27.06,College,Mall,1,Tuesday,0
MP-2026-011,P011,18-25,Wednesday,23.213888,77.432083,2026-01-05 21:51:00,21.23,8.14,23.0,Mall,College,21,Monday,0
MP-2026-011,P011,18-25,Wednesday,23.259612,77.40462,2026-01-06 00:03:00,15.4,7.77,30.28,College,Market,0,Tuesday,0
MP-2026-011,P011,18-25,Tuesday,23.271155,77.41328,2026-01-05 13:29:00,13.11,4.06,18.58,Market,Railway,13,Monday,0
MP-2026-011,P011,26-35,Tuesday,23.260421,77.40317,2026-01-06 01:46:00,28.21,13.41,28.52,Railway,Market,1,Tuesday,0
MP-2026-011,P011,36-45,Wednesday,23.237674,77.399904,2026-01-05 20:02:00,10.24,2.06,12.08,Market,Park,20,Monday,0
MP-2026-011,P011,18-25,Sunday,23.258574,77.396362,2026-01-06 00:37:00,33.45,17.69,31.74,Park,Hospital,0,Tuesday,0
MP-2026-011,P011,18-25,Monday,23.239122,77.401543,2026-01-05 15:44:00,30.42,1.27,2.5,Hospital,Park,15,Monday,0
MP-2026-011,P011,26-35,Wednesday,23.258296,77.414204,2026-01-05 16:38:00,16.19,2.8,10.39,Park,Home,16,Monday,0
MP-2026-011,P011,18-25,Sunday,23.215486,77.4316,2026-01-06 00:45:00,19.24,7.26,22.64,Home,College,0,Tuesday,0
MP-2026-011,P011,26-35,Friday,23.260348,77.411453,2026-01-05 15:49:00,17.21,0.57,2.0,College,Home,15,Monday,0
MP-2026-011,P011,36-45,Monday,23.258805,77.402955,2026-01-05 19:50:00,40.33,26.57,39.52,Home,Market,19,Monday,0
MP-2026-011,P011,18-25,Tuesday,23.270447,77.412874,2026-01-05 23:18:00,21.84,8.7,23.89,Market,Railway,23,Monday,0
MP-2026-011,P011,18-25,Thursday,23.261505,77.409467,2026-01-05 21:51:00,28.51,10.41,21.92,Railway,Bus_Stop,21,Monday,0
MP-2026-011,P011,26-35,Thursday,23.21885,77.432969,2026-01-06 02:21:00,23.7,11.35,28.72,Bus_Stop,College,2,Tuesday,0
MP-2026-011,P011,36-45,Wednesday,23.260836,77.403066,2026-01-05 21:06:00,26.61,7.94,17.91,College,Market,21,Monday,0
MP-2026-011,P011,36-45,Sunday,23.269136,77.410109,2026-01-05 18:00:00,18.27,9.5,31.19,Market,Railway,18,Monday,0
MP-2026-011,P011,18-25,Thursday,23.259034,77.404026,2026-01-06 01:09:00,19.63,8.05,24.61,Railway,Market,1,Tuesday,0
MP-2026-011,P011,36-45,Friday,23.267033,77.412425,2026-01-05 18:12:00,17.03,8.07,28.45,Market,Railway,18,Monday,0
MP-2026-011,P011,36-45,Friday,23.261449,77.413638,2026-01-05 15:27:00,13.03,1.0,4.59,Railway,Home,15,Monday,0
MP-2026-011,P011,36-45,Wednesday,23.2684,77.410765,2026-01-06 03:27:00,6.78,3.2,28.3,Home,Railway,3,Tuesday,0
MP-2026-011,P011,26-35,Monday,23.256921,77.410049,2026-01-05 17:58:00,26.97,13.04,29.0,Railway,Bus_Stop,17,Monday,0
MP-2026-011,P011,18-25,Thursday,23.269164,77.414653,2026-01-06 02:11:00,23.51,10.53,26.87,Bus_Stop,Railway,2,Tuesday,0
MP-2026-011,P011,36-45,Tuesday,23.28049195370979,77.44326031672196,2026-01-05 15:36:00,13.59,0.45,119.14052538429249,Railway,Home,15,Monday,0
MP-2026-011,P011,36-45,Wednesday,23.260279,77.410326,2026-01-06 04:50:00,25.96,8.25,19.06,Home,Bus_Stop,4,Tuesday,0
MP-2026-011,P011,26-35,Tuesday,23.257283,77.403428,2026-01-05 21:42:00,28.18,8.3,17.67,Bus_Stop,Market,21,Monday,0
MP-2026-011,P011,18-25,Tuesday,23.270547,77.410679,2026-01-06 04:42:00,29.35,10.95,22.38,Market,Railway,4,Tuesday,0
MP-2026-011,P011,36-45,Sunday,23.257606,77.405899,2026-01-05 16:56:00,5.11,3.67,43.12,Railway,Market,16,Monday,0
MP-2026-011,P011,18-25,Wednesday,23.269028,77.411034,2026-01-06 03:36:00,17.52,5.96,20.4,Market,Railway,3,Tuesday,0
MP-2026-012,P012,36-45,Tuesday,23.217039,77.431961,2026-01-07 01:37:00,19.46,5.22,16.1,Home,College,1,Wednesday,0
MP-2026-012,P012,36-45,Wednesday,23.207495,77.436242,2026-01-07 00:00:00,30.28,12.52,24.8,College,Mall,0,Wednesday,0
MP-2026-012,P012,36-45,Friday,23.259142,77.412663,2026-01-06 13:48:00,11.05,2.86,15.54,Mall,Home,13,Tuesday,0
MP-2026-012,P012,36-45,Friday,23.260599,77.405115,2026-01-07 04:53:00,16.43,8.93,32.61,Home,Market,4,Wednesday,0
MP-2026-012,P012,18-25,Friday,23.239218,77.400436,2026-01-06 19:44:00,18.88,0.98,3.12,Market,Park,19,Tuesday,0
MP-2026-012,P012,26-35,Thursday,23.203825,77.436517,2026-01-06 22:53:00,17.35,6.07,20.98,Park,Mall,22,Tuesday,0
MP-2026-012,P012,26-35,Wednesday,23.258427,77.414161,2026-01-06 15:06:00,15.98,3.09,11.61,Mall,Home,15,Tuesday,0
MP-2026-012,P012,18-25,Wednesday,23.259956,77.403071,2026-01-06 16:28:00,21.23,11.5,32.51,Home,Market,16,Tuesday,0
MP-2026-012,P012,36-45,Saturday,23.237449,77.401068,2026-01-06 21:08:00,27.21,7.11,15.67,Market,Park,21,Tuesday,0
MP-2026-012,P012,18-25,Wednesday,23.258604,77.405905,2026-01-07 04:19:00,18.43,4.25,13.83,Park,Market,4,Wednesday,0
MP-2026-012,P012,26-35,Tuesday,23.239394,77.400039,2026-01-06 17:11:00,36.55,10.95,17.98,Market,Park,17,Tuesday,0
MP-2026-012,P012,18-25,Monday,23.260557,77.396884,2026-01-06 16:24:00,29.02,16.79,34.71,Park,Hospital,16,Tuesday,0
MP-2026-012,P012,26-35,Monday,23.259122,77.41243,2026-01-06 16:44:00,14.89,2.96,11.91,Hospital,Home,16,Tuesday,0
MP-2026-012,P012,26-35,Tuesday,23.214112,77.432729,2026-01-06 18:54:00,15.02,8.67,34.62,Home,College,18,Tuesday,0
MP-2026-012,P012,26-35,Tuesday,23.26138,77.412591,2026-01-06 16:09:00,16.22,0.54,2.0,College,Home,16,Tuesday,0
MP-2026-012,P012,18-25,Monday,23.216338,77.432634,2026-01-06 23:43:00,25.74,8.16,19.02,Home,College,23,Tuesday,0
MP-2026-012,P012,18-25,Tuesday,23.259023,77.413653,2026-01-06 18:09:00,20.39,1.83,5.4,College,Home,18,Tuesday,0
MP-2026-012,P012,36-45,Saturday,23.25903,77.409963,2026-01-06 17:46:00,6.02,2.66,26.48,Home,Bus_Stop,17,Tuesday,0
MP-2026-012,P012,18-25,Monday,23.216218,77.432309,2026-01-07 03:12:00,29.88,11.72,23.53,Bus_Stop,College,3,Wednesday,0
MP-2026-012,P012,18-25,Monday,23.204875,77.437881,2026-01-07 02:46:00,17.26,8.03,27.91,College,Mall,2,Wednesday,0
MP-2026-012,P012,26-35,Tuesday,23.257522,77.410801,2026-01-06 22:01:00,24.05,6.56,16.36,Mall,Home,22,Tuesday,0
MP-2026-012,P012,26-35,Thursday,23.259613,77.41057,2026-01-06 21:22:00,15.07,9.2,36.65,Home,Bus_Stop,21,Tuesday,0
MP-2026-012,P012,18-25,Wednesday,23.291257875968867,77.44127212442788,2026-01-07 02:28:00,23.45,11.02,97.62614747709765,Bus_Stop,Railway,2,Wednesday,0
MP-2026-012,P012,18-25,Wednesday,23.258412,77.404377,2026-01-06 16:42:00,25.6,13.73,32.19,Railway,Market,16,Tuesday,0
MP-2026-012,P012,26-35,Saturday,23.269505,77.413211,2026-01-06 16:01:00,28.11,17.96,38.35,Market,Railway,16,Tuesday,0
MP-2026-012,P012,26-35,Monday,23.257419,77.412346,2026-01-06 14:38:00,15.77,4.33,16.47,Railway,Home,14,Tuesday,0
MP-2026-012,P012,18-25,Thursday,23.257645,77.410856,2026-01-06 21:03:00,24.03,10.19,25.44,Home,Bus_Stop,21,Tuesday,0
MP-2026-012,P012,18-25,Saturday,23.217356,77.431851,2026-01-06 18:04:00,7.7,4.44,34.58,Bus_Stop,College,18,Tuesday,0
MP-2026-012,P012,26-35,Sunday,23.257791,77.410766,2026-01-06 22:05:00,23.5,8.81,22.5,College,Home,22,Tuesday,0
MP-2026-012,P012,26-35,Wednesday,23.257336,77.409514,2026-01-06 15:49:00,13.12,7.0,32.01,Home,Bus_Stop,15,Tuesday,0
MP-2026-012,P012,36-45,Saturday,23.268846,77.409458,2026-01-07 03:29:00,18.8,7.7,24.57,Bus_Stop,Railway,3,Wednesday,0
MP-2026-012,P012,18-25,Saturday,23.26054,77.411955,2026-01-06 22:39:00,10.4,5.75,33.15,Railway,Bus_Stop,22,Tuesday,0
MP-2026-012,P012,26-35,Saturday,23.259372,77.411885,2026-01-07 01:57:00,13.86,2.97,12.87,Bus_Stop,Home,1,Wednesday,0
MP-2026-012,P012,26-35,Wednesday,23.260369,77.402585,2026-01-07 01:31:00,20.99,8.09,23.11,Home,Market,1,Wednesday,0
MP-2026-012,P012,18-25,Tuesday,23.27846151005381,77.4266218032533,2026-01-06 22:45:00,19.27,4.63,95.00780767071515,Market,Home,22,Tuesday,0
MP-2026-012,P012,18-25,Tuesday,23.256215,77.411692,2026-01-06 16:25:00,24.93,6.31,15.19,Home,Bus_Stop,16,Tuesday,0
MP-2026-012,P012,26-35,Wednesday,23.215259,77.432904,2026-01-06 15:24:00,17.34,6.3,21.8,Bus_Stop,College,15,Tuesday,0
MP-2026-012,P012,18-25,Wednesday,23.206836,77.434654,2026-01-07 01:28:00,12.24,5.51,27.0,College,Mall,1,Wednesday,0
MP-2026-012,P012,18-25,Wednesday,23.257769,77.404458,2026-01-06 13:49:00,12.63,3.32,15.79,Mall,Market,13,Tuesday,0
MP-2026-012,P012,26-35,Thursday,23.238767,77.400442,2026-01-06 19:59:00,27.08,6.51,14.42,Market,Park,19,Tuesday,0
MP-2026-012,P012,36-45,Thursday,23.259443,77.41162,2026-01-06 17:55:00,17.33,0.58,2.0,Park,Home,17,Tuesday,0
MP-2026-012,P012,26-35,Wednesday,23.257532,77.40571,2026-01-07 04:40:00,30.34,10.48,20.73,Home,Market,4,Wednesday,0
MP-2026-012,P012,18-25,Sunday,23.260277,77.413575,2026-01-06 22:18:00,23.21,0.77,2.0,Market,Home,22,Tuesday,0
MP-2026-012,P012,36-45,Friday,23.259347,77.411176,2026-01-07 01:11:00,25.33,12.66,29.99,Home,Bus_Stop,1,Wednesday,0
MP-2026-012,P012,26-35,Tuesday,23.215432,77.432118,2026-01-06 17:59:00,28.63,14.6,30.6,Bus_Stop,College,17,Tuesday,0
MP-2026-012,P012,36-45,Sunday,23.279149568741357,77.42237206464505,2026-01-07 04:21:00,16.06,6.51,84.40704730931903,College,Market,4,Wednesday,0
MP-2026-012,P012,36-45,Wednesday,23.267499,77.412387,2026-01-07 01:57:00,32.53,9.28,17.12,Market,Railway,1,Wednesday,0
MP-2026-012,P012,18-25,Thursday,23.259368,77.408061,2026-01-06 17:29:00,11.36,6.15,32.51,Railway,Bus_Stop,17,Tuesday,0
MP-2026-012,P012,36-45,Thursday,23.270422,77.414282,2026-01-07 02:52:00,17.29,10.93,37.93,Bus_Stop,Railway,2,Wednesday,0
MP-2026-012,P012,26-35,Thursday,23.26027,77.402062,2026-01-06 22:42:00,23.07,12.43,32.33,Railway,Market,22,Tuesday,0
MP-2026-012,P012,18-25,Friday,23.269553,77.414122,2026-01-06 13:11:00,28.12,11.6,24.76,Market,Railway,13,Tuesday,0
MP-2026-012,P012,18-25,Thursday,23.259149,77.410009,2026-01-06 21:15:00,7.65,3.33,26.11,Railway,Bus_Stop,21,Tuesday,0
MP-2026-012,P012,26-35,Wednesday,23.258149,77.4039,2026-01-07 01:51:00,32.68,18.69,34.31,Bus_Stop,Market,1,Wednesday,0
MP-2026-012,P012,18-25,Wednesday,23.259295,77.411871,2026-01-06 15:38:00,5.0,1.14,13.65,Market,Home,15,Tuesday,0
MP-2026-012,P012,36-45,Saturday,23.215528,77.429958,2026-01-07 00:27:00,6.4,3.71,34.78,Home,College,0,Wednesday,0
MP-2026-012,P012,26-35,Tuesday,23.257664,77.413821,2026-01-07 01:23:00,29.3,3.16,6.48,College,Home,1,Wednesday,0
MP-2026-012,P012,18-25,Thursday,23.212924,77.434257,2026-01-06 16:05:00,21.54,4.08,11.35,Home,College,16,Tuesday,0
MP-2026-012,P012,36-45,Monday,23.207381,77.437918,2026-01-06 22:51:00,25.7,10.99,25.66,College,Mall,22,Tuesday,0
MP-2026-012,P012,36-45,Wednesday,23.218304,77.431444,2026-01-06 22:46:00,16.8,10.58,37.79,Mall,College,22,Tuesday,0
MP-2026-012,P012,36-45,Wednesday,23.258675,77.408408,2026-01-07 00:13:00,11.59,4.64,24.03,College,Bus_Stop,0,Wednesday,0
MP-2026-012,P012,26-35,Monday,23.268576,77.411797,2026-01-06 21:27:00,17.4,5.6,19.3,Bus_Stop,Railway,21,Tuesday,0
MP-2026-012,P012,18-25,Monday,23.258929,77.41147,2026-01-07 03:23:00,26.43,8.6,19.52,Railway,Home,3,Wednesday,0
MP-2026-012,P012,36-45,Monday,23.257177,77.412343,2026-01-06 13:15:00,19.32,9.54,29.62,Home,Bus_Stop,13,Tuesday,0
MP-2026-012,P012,18-25,Wednesday,23.260037,77.400751,2026-01-07 04:50:00,6.17,2.56,24.87,Bus_Stop,Market,4,Wednesday,0
MP-2026-012,P012,18-25,Sunday,23.261706,77.412745,2026-01-06 19:46:00,5.0,0.7,8.41,Market,Home,19,Tuesday,0
MP-2026-012,P012,18-25,Monday,23.258378,77.410709,2026-01-06 17:40:00,15.6,6.09,23.43,Home,Bus_Stop,17,Tuesday,0
MP-2026-012,P012,18-25,Monday,23.215114,77.432841,2026-01-06 14:03:00,18.23,6.2,20.41,Bus_Stop,College,14,Tuesday,0
MP-2026-012,P012,18-25,Monday,23.205166,77.43584,2026-01-06 22:53:00,14.38,7.5,31.31,College,Mall,22,Tuesday,0
MP-2026-012,P012,36-45,Thursday,23.25885,77.405205,2026-01-06 19:41:00,5.0,2.04,24.5,Mall,Market,19,Tuesday,0
MP-2026-012,P012,18-25,Wednesday,23.236236,77.39932,2026-01-06 17:36:00,5.0,1.54,18.52,Market,Park,17,Tuesday,0
MP-2026-012,P012,18-25,Monday,23.259916,77.397108,2026-01-07 03:52:00,6.4,1.91,17.9,Park,Hospital,3,Wednesday,0
MP-2026-012,P012,36-45,Saturday,23.260924,77.414083,2026-01-06 16:04:00,27.85,0.93,2.0,Hospital,Home,16,Tuesday,0
MP-2026-012,P012,36-45,Tuesday,23.215905,77.431158,2026-01-06 17:14:00,12.93,8.57,39.77,Home,College,17,Tuesday,0
MP-2026-012,P012,36-45,Wednesday,23.207481,77.435547,2026-01-06 16:08:00,22.66,12.72,33.68,College,Mall,16,Tuesday,0
MP-2026-012,P012,26-35,Thursday,23.256617,77.403844,2026-01-07 03:40:00,24.81,11.36,27.48,Mall,Market,3,Wednesday,0
MP-2026-012,P012,36-45,Wednesday,23.258754,77.413222,2026-01-06 17:08:00,18.6,2.9,9.36,Market,Home,17,Tuesday,0
MP-2026-012,P012,36-45,Wednesday,23.25637,77.407638,2026-01-06 19:33:00,32.8,15.61,28.56,Home,Bus_Stop,19,Tuesday,0
MP-2026-012,P012,18-25,Wednesday,23.270369,77.414397,2026-01-07 01:58:00,15.23,6.78,26.72,Bus_Stop,Railway,1,Wednesday,0
MP-2026-012,P012,36-45,Wednesday,23.259862,77.404511,2026-01-06 22:07:00,10.65,2.22,12.48,Railway,Market,22,Tuesday,0
MP-2026-012,P012,36-45,Saturday,23.238433,77.399762,2026-01-06 19:52:00,5.4,1.98,21.97,Market,Park,19,Tuesday,0
MP-2026-013,P013,26-35,Sunday,23.260442,77.404011,2026-01-07 16:59:00,25.71,7.43,17.33,Home,Market,16,Wednesday,0
MP-2026-013,P013,36-45,Wednesday,23.258581,77.413425,2026-01-07 13:37:00,14.42,0.48,2.0,Market,Home,13,Wednesday,0
MP-2026-013,P013,18-25,Monday,23.260847,77.405887,2026-01-07 23:23:00,15.62,4.3,16.52,Home,Market,23,Wednesday,0
MP-2026-013,P013,36-45,Tuesday,23.260451,77.41235,2026-01-07 13:59:00,11.51,4.25,22.17,Market,Home,13,Wednesday,0
MP-2026-013,P013,18-25,Tuesday,23.258822,77.402832,2026-01-07 16:51:00,16.77,6.91,24.72,Home,Market,16,Wednesday,0
MP-2026-013,P013,36-45,Tuesday,23.259789,77.412636,2026-01-07 15:27:00,7.8,1.36,10.48,Market,Home,15,Wednesday,0
MP-2026-013,P013,18-25,Friday,23.257663,77.409992,2026-01-08 00:16:00,20.87,6.94,19.94,Home,Bus_Stop,0,Thursday,0
MP-2026-013,P013,18-25,Sunday,23.256747,77.411772,2026-01-08 00:18:00,17.94,7.16,23.95,Bus_Stop,Bus_Stop,0,Thursday,0
MP-2026-013,P013,36-45,Sunday,23.257502,77.405004,2026-01-07 23:27:00,23.5,17.66,45.09,Bus_Stop,Market,23,Wednesday,0
MP-2026-013,P013,18-25,Friday,23.267096,77.411924,2026-01-07 18:37:00,13.03,4.88,22.49,Market,Railway,18,Wednesday,0
MP-2026-013,P013,18-25,Wednesday,23.2574,77.411293,2026-01-07 17:33:00,20.41,13.87,40.77,Railway,Bus_Stop,17,Wednesday,0
MP-2026-013,P013,18-25,Tuesday,23.27192,77.412908,2026-01-07 17:47:00,19.64,4.62,14.11,Bus_Stop,Railway,17,Wednesday,0
MP-2026-013,P013,36-45,Tuesday,23.26081,77.405347,2026-01-07 20:23:00,34.81,12.65,21.8,Railway,Market,20,Wednesday,0
MP-2026-013,P013,36-45,Sunday,23.238843,77.401252,2026-01-07 21:42:00,13.48,2.53,11.26,Market,Park,21,Wednesday,0
MP-2026-013,P013,26-35,Monday,23.25953,77.396192,2026-01-08 04:56:00,23.6,7.59,19.29,Park,Hospital,4,Thursday,0
MP-2026-013,P013,36-45,Sunday,23.237449,77.400298,2026-01-07 18:55:00,32.48,3.38,6.25,Hospital,Park,18,Wednesday,0
MP-2026-013,P013,18-25,Friday,23.261036,77.412666,2026-01-07 22:42:00,24.77,5.78,14.0,Park,Home,22,Wednesday,0
MP-2026-013,P013,18-25,Monday,23.214935,77.431986,2026-01-08 04:54:00,30.16,10.57,21.02,Home,College,4,Thursday,0
MP-2026-013,P013,36-45,Sunday,23.258818,77.412112,2026-01-07 16:51:00,9.71,2.83,17.48,College,Home,16,Wednesday,0
MP-2026-013,P013,26-35,Tuesday,23.215462,77.431832,2026-01-07 15:31:00,19.3,9.58,29.8,Home,College,15,Wednesday,0
MP-2026-013,P013,26-35,Thursday,23.255464,77.41269,2026-01-07 22:28:00,32.77,5.29,9.69,College,Home,22,Wednesday,0
MP-2026-013,P013,36-45,Wednesday,23.260055,77.404577,2026-01-07 18:13:00,17.46,7.64,26.25,Home,Market,18,Wednesday,0
MP-2026-013,P013,36-45,Friday,23.260363291290005,77.41709525381697,2026-01-08 03:35:00,5.0,0.59,99.51920620333037,Market,Park,3,Thursday,0
MP-2026-013,P013,18-25,Friday,23.259459,77.413443,2026-01-07 23:31:00,7.16,0.34,2.87,Park,Home,23,Wednesday,0
MP-2026-013,P013,18-25,Thursday,23.257209,77.411799,2026-01-08 01:52:00,25.12,13.51,32.26,Home,Bus_Stop,1,Thursday,0
MP-2026-013,P013,18-25,Sunday,23.258765,77.403721,2026-01-07 22:17:00,14.26,6.72,28.29,Bus_Stop,Market,22,Wednesday,0
MP-2026-013,P013,36-45,Tuesday,23.259551,77.412141,2026-01-07 15:27:00,12.4,1.91,9.23,Market,Home,15,Wednesday,0
MP-2026-013,P013,36-45,Sunday,23.258139,77.406051,2026-01-07 15:27:00,30.48,9.54,18.79,Home,Market,15,Wednesday,0
MP-2026-013,P013,26-35,Saturday,23.268196,77.412844,2026-01-08 03:41:00,25.38,5.68,13.43,Market,Railway,3,Thursday,0
MP-2026-013,P013,36-45,Thursday,23.257231,77.410031,2026-01-08 02:33:00,17.63,8.88,30.22,Railway,Bus_Stop,2,Thursday,0
MP-2026-013,P013,26-35,Saturday,23.213184,77.432376,2026-01-07 14:12:00,5.0,2.63,31.55,Bus_Stop,College,14,Wednesday,0
MP-2026-013,P013,18-25,Sunday,23.258724,77.402649,2026-01-07 19:39:00,25.28,16.2,38.45,College,Market,19,Wednesday,0
MP-2026-013,P013,36-45,Saturday,23.238501,77.401382,2026-01-07 13:57:00,22.58,0.75,2.0,Market,Park,13,Wednesday,0
MP-2026-013,P013,18-25,Monday,23.240839,77.400324,2026-01-07 18:37:00,29.79,10.54,21.24,Park,Park,18,Wednesday,0
MP-2026-013,P013,18-25,Thursday,23.260673,77.396298,2026-01-08 01:54:00,15.99,8.53,32.01,Park,Hospital,1,Thursday,0
MP-2026-013,P013,26-35,Tuesday,23.260858,77.411934,2026-01-07 20:33:00,26.16,0.87,2.0,Hospital,Home,20,Wednesday,0
MP-2026-013,P013,18-25,Monday,23.260369,77.403236,2026-01-08 03:30:00,30.01,18.9,37.78,Home,Market,3,Thursday,0
MP-2026-013,P013,26-35,Friday,23.240743,77.401717,2026-01-07 18:21:00,25.33,0.84,2.0,Market,Park,18,Wednesday,0
MP-2026-013,P013,18-25,Monday,23.260226,77.405634,2026-01-08 01:06:00,14.06,4.29,18.31,Park,Market,1,Thursday,0
MP-2026-013,P013,26-35,Friday,23.259588,77.412634,2026-01-08 00:30:00,18.75,4.35,13.91,Market,Home,0,Thursday,0
MP-2026-013,P013,18-25,Friday,23.217261,77.433315,2026-01-07 16:22:00,21.95,8.23,22.5,Home,College,16,Wednesday,0
MP-2026-013,P013,36-45,Tuesday,23.258287,77.404099,2026-01-07 14:14:00,11.29,6.36,33.8,College,Market,14,Wednesday,0
MP-2026-013,P013,18-25,Friday,23.237535,77.400606,2026-01-07 17:22:00,15.73,6.36,24.27,Market,Park,17,Wednesday,0
MP-2026-013,P013,36-45,Tuesday,23.260023,77.412243,2026-01-07 15:18:00,28.7,4.64,9.69,Park,Home,15,Wednesday,0
MP-2026-013,P013,26-35,Tuesday,23.257825,77.404196,2026-01-07 19:47:00,12.66,3.15,14.91,Home,Market,19,Wednesday,0
MP-2026-013,P013,26-35,Monday,23.238922,77.4005,2026-01-07 14:15:00,25.21,9.23,21.97,Market,Park,14,Wednesday,0
MP-2026-013,P013,26-35,Tuesday,23.29341192183768,77.43814470507576,2026-01-07 22:20:00,20.73,11.08,95.82812617759674,Park,Market,22,Wednesday,0
MP-2026-013,P013,36-45,Wednesday,23.269511,77.412379,2026-01-07 19:14:00,14.45,5.54,22.99,Market,Railway,19,Wednesday,0
MP-2026-013,P013,26-35,Friday,23.259716,77.404923,2026-01-08 04:15:00,16.63,8.59,30.97,Railway,Market,4,Thursday,0
MP-2026-013,P013,36-45,Sunday,23.258437,77.405838,2026-01-07 18:50:00,14.1,8.83,37.56,Market,Market,18,Wednesday,0
MP-2026-013,P013,18-25,Friday,23.240128,77.402027,2026-01-08 01:49:00,32.79,4.01,7.34,Market,Park,1,Thursday,0
MP-2026-013,P013,36-45,Friday,23.258474,77.414987,2026-01-07 14:20:00,19.09,7.41,23.29,Park,Home,14,Wednesday,0
MP-2026-013,P013,26-35,Tuesday,23.217024,77.42973,2026-01-08 00:30:00,12.28,7.43,36.31,Home,College,0,Thursday,0
MP-2026-013,P013,36-45,Sunday,23.268919,77.413364,2026-01-08 01:59:00,25.49,12.03,28.3,College,Railway,1,Thursday,0
MP-2026-013,P013,36-45,Tuesday,23.260224,77.406426,2026-01-08 00:18:00,36.45,20.08,33.06,Railway,Market,0,Thursday,0
MP-2026-013,P013,36-45,Tuesday,23.260797,77.412957,2026-01-07 13:37:00,23.96,3.74,9.37,Market,Home,13,Wednesday,0
MP-2026-013,P013,18-25,Wednesday,23.216576,77.430987,2026-01-07 19:45:00,14.13,8.04,34.14,Home,College,19,Wednesday,0
MP-2026-013,P013,26-35,Tuesday,23.259221,77.414021,2026-01-07 20:59:00,26.73,11.87,26.65,College,Home,20,Wednesday,0
MP-2026-013,P013,18-25,Tuesday,23.256876,77.402696,2026-01-07 21:36:00,5.0,2.98,35.75,Home,Market,21,Wednesday,0
MP-2026-013,P013,18-25,Monday,23.260484,77.413921,2026-01-08 00:10:00,24.91,0.84,2.03,Market,Home,0,Thursday,0
MP-2026-013,P013,18-25,Tuesday,23.259294,77.404872,2026-01-07 15:13:00,19.08,9.8,30.83,Home,Market,15,Wednesday,0
MP-2026-013,P013,26-35,Wednesday,23.268539,77.412163,2026-01-07 16:06:00,19.52,8.06,24.77,Market,Railway,16,Wednesday,0
MP-2026-013,P013,26-35,Monday,23.261401,77.411877,2026-01-08 04:07:00,16.61,6.87,24.8,Railway,Bus_Stop,4,Thursday,0
MP-2026-013,P013,36-45,Sunday,23.216762,77.433123,2026-01-07 17:40:00,34.56,19.03,33.03,Bus_Stop,College,17,Wednesday,0
MP-2026-013,P013,26-35,Wednesday,23.259942,77.413884,2026-01-07 13:52:00,13.26,2.98,13.51,College,Home,13,Wednesday,0
MP-2026-013,P013,36-45,Saturday,23.258823,77.403212,2026-01-08 04:10:00,5.0,2.59,31.03,Home,Market,4,Thursday,0
MP-2026-013,P013,36-45,Wednesday,23.239543,77.403643,2026-01-07 16:32:00,15.54,4.15,16.03,Market,Park,16,Wednesday,0
MP-2026-013,P013,36-45,Wednesday,23.25919,77.398042,2026-01-07 21:24:00,19.46,6.69,20.62,Park,Hospital,21,Wednesday,0
MP-2026-013,P013,26-35,Friday,23.239352,77.39975,2026-01-08 04:59:00,11.95,1.67,8.39,Hospital,Park,4,Thursday,0
MP-2026-013,P013,18-25,Saturday,23.259417,77.39927,2026-01-07 14:30:00,14.87,1.81,7.32,Park,Hospital,14,Wednesday,0
MP-2026-013,P013,36-45,Wednesday,23.23791,77.399729,2026-01-08 03:29:00,13.85,0.46,2.0,Hospital,Park,3,Thursday,0
MP-2026-013,P013,18-25,Wednesday,23.260894,77.411704,2026-01-07 23:02:00,15.78,0.79,3.0,Park,Home,23,Wednesday,0
MP-2026-013,P013,36-45,Saturday,23.215488,77.432281,2026-01-07 14:25:00,26.19,15.66,35.89,Home,College,14,Wednesday,0
MP-2026-013,P013,26-35,Monday,23.259044,77.404146,2026-01-07 13:46:00,20.43,12.65,37.16,College,Market,13,Wednesday,0
MP-2026-013,P013,18-25,Friday,23.260743,77.414365,2026-01-08 00:55:00,16.21,0.54,2.0,Market,Home,0,Thursday,0
MP-2026-013,P013,36-45,Thursday,23.257128,77.406499,2026-01-07 18:56:00,20.15,9.24,27.52,Home,Market,18,Wednesday,0
MP-2026-013,P013,26-35,Tuesday,23.240353,77.400979,2026-01-07 20:55:00,23.3,2.25,5.8,Market,Park,20,Wednesday,0
MP-2026-013,P013,26-35,Thursday,23.25719,77.403196,2026-01-07 17:37:00,34.04,17.69,31.18,Park,Market,17,Wednesday,0
MP-2026-013,P013,26-35,Tuesday,23.268997,77.414015,2026-01-07 23:44:00,25.44,9.27,21.87,Market,Railway,23,Wednesday,0
MP-2026-013,P013,18-25,Wednesday,23.258088,77.404796,2026-01-08 02:37:00,27.54,14.77,32.17,Railway,Market,2,Thursday,0
MP-2026-014,P014,36-45,Thursday,23.217283,77.431008,2026-01-02 00:52:00,26.16,17.3,39.67,Home,College,0,Friday,0
MP-2026-014,P014,36-45,Wednesday,23.207057,77.437731,2026-01-01 22:47:00,27.21,13.89,30.62,College,Mall,22,Thursday,0
MP-2026-014,P014,26-35,Tuesday,23.259232,77.413654,2026-01-01 17:57:00,23.22,10.95,28.3,Mall,Home,17,Thursday,0
MP-2026-014,P014,18-25,Tuesday,23.258844,77.409308,2026-01-01 17:23:00,24.26,12.86,31.81,Home,Bus_Stop,17,Thursday,0
MP-2026-014,P014,18-25,Wednesday,23.270579,77.41133,2026-01-02 02:26:00,25.6,10.82,25.37,Bus_Stop,Railway,2,Friday,0
MP-2026-014,P014,18-25,Tuesday,23.259657,77.412295,2026-01-01 19:51:00,21.62,10.51,29.17,Railway,Bus_Stop,19,Thursday,0
MP-2026-014,P014,36-45,Tuesday,23.216538,77.430906,2026-01-01 18:38:00,5.0,1.81,21.72,Bus_Stop,College,18,Thursday,0
MP-2026-014,P014,18-25,Thursday,23.23239769929882,77.45378835088037,2026-01-01 22:48:00,16.05,4.82,104.6372428890037,College,Mall,22,Thursday,0
MP-2026-014,P014,18-25,Friday,23.259305,77.403375,2026-01-01 16:48:00,17.18,7.71,26.91,Mall,Market,16,Thursday,0
MP-2026-014,P014,18-25,Friday,23.262018,77.415951,2026-01-01 17:55:00,30.45,12.92,25.46,Market,Home,17,Thursday,0
MP-2026-014,P014,18-25,Wednesday,23.268783,77.412709,2026-01-01 17:17:00,24.96,11.03,26.51,Home,Railway,17,Thursday,0
MP-2026-014,P014,18-25,Sunday,23.259957,77.409365,2026-01-02 04:59:00,9.22,3.64,23.68,Railway,Bus_Stop,4,Friday,0
MP-2026-014,P014,18-25,Thursday,23.259327,77.404247,2026-01-01 18:21:00,13.24,3.13,14.17,Bus_Stop,Market,18,Thursday,0
MP-2026-014,P014,18-25,Monday,23.270042,77.413605,2026-01-02 03:49:00,33.84,15.42,27.33,Market,Railway,3,Friday,0
MP-2026-014,P014,26-35,Monday,23.259032,77.405072,2026-01-01 19:15:00,17.17,11.86,41.43,Railway,Market,19,Thursday,0
MP-2026-014,P014,26-35,Sunday,23.261977,77.41394,2026-01-01 19:50:00,14.55,2.08,8.57,Market,Home,19,Thursday,0
MP-2026-014,P014,36-45,Saturday,23.261725,77.404065,2026-01-01 16:23:00,24.24,8.96,22.17,Home,Market,16,Thursday,0
MP-2026-014,P014,36-45,Sunday,23.272335,77.411765,2026-01-01 23:17:00,20.51,11.08,32.41,Market,Railway,23,Thursday,0
MP-2026-014,P014,36-45,Monday,23.25804,77.403401,2026-01-02 03:42:00,20.49,7.64,22.39,Railway,Market,3,Friday,0
MP-2026-014,P014,18-25,Thursday,23.270448,77.411069,2026-01-01 14:16:00,13.51,5.19,23.06,Market,Railway,14,Thursday,0
MP-2026-014,P014,18-25,Wednesday,23.258046,77.410764,2026-01-02 00:12:00,16.77,9.82,35.11,Railway,Bus_Stop,0,Friday,0
MP-2026-014,P014,26-35,Thursday,23.2575,77.404446,2026-01-02 04:06:00,5.0,2.08,24.98,Bus_Stop,Market,4,Friday,0
MP-2026-014,P014,36-45,Tuesday,23.268044,77.409949,2026-01-02 00:39:00,15.41,7.71,30.04,Market,Railway,0,Friday,0
MP-2026-014,P014,18-25,Tuesday,23.26117,77.413165,2026-01-01 22:19:00,20.37,7.98,23.5,Railway,Home,22,Thursday,0
MP-2026-014,P014,26-35,Thursday,23.216011,77.434301,2026-01-02 02:26:00,7.8,4.69,36.08,Home,College,2,Friday,0
MP-2026-014,P014,26-35,Saturday,23.207412,77.436537,2026-01-01 19:01:00,11.89,6.45,32.53,College,Mall,19,Thursday,0
MP-2026-014,P014,26-35,Friday,23.25903,77.411525,2026-01-01 18:02:00,10.2,1.27,7.49,Mall,Home,18,Thursday,0
MP-2026-014,P014,26-35,Tuesday,23.258232,77.40578,2026-01-02 01:22:00,5.0,2.31,27.7,Home,Market,1,Friday,0
MP-2026-014,P014,18-25,Sunday,23.238952,77.402068,2026-01-01 20:53:00,17.04,3.09,10.87,Market,Park,20,Thursday,0
MP-2026-014,P014,36-45,Wednesday,23.258759,77.396454,2026-01-01 20:48:00,13.51,2.53,11.24,Park,Hospital,20,Thursday,0
MP-2026-014,P014,18-25,Saturday,23.216106,77.432969,2026-01-01 18:25:00,24.86,9.15,22.07,Hospital,College,18,Thursday,0
MP-2026-014,P014,36-45,Thursday,23.258191,77.405721,2026-01-01 15:18:00,22.04,12.84,34.96,College,Market,15,Thursday,0
MP-2026-014,P014,18-25,Wednesday,23.27017,77.413639,2026-01-01 14:10:00,23.47,10.31,26.35,Market,Railway,14,Thursday,0
MP-2026-014,P014,36-45,Saturday,23.25945,77.412541,2026-01-01 20:23:00,20.1,0.67,2.0,Railway,Home,20,Thursday,0
MP-2026-014,P014,26-35,Tuesday,23.258895,77.412294,2026-01-01 19:28:00,12.75,4.99,23.5,Home,Bus_Stop,19,Thursday,0
MP-2026-014,P014,18-25,Tuesday,23.259945,77.403702,2026-01-01 19:57:00,22.2,9.98,26.97,Bus_Stop,Market,19,Thursday,0
MP-2026-014,P014,18-25,Wednesday,23.270454,77.411437,2026-01-02 01:18:00,16.66,11.37,40.96,Market,Railway,1,Friday,0
MP-2026-014,P014,36-45,Sunday,23.257693,77.403727,2026-01-02 00:29:00,40.21,15.57,23.23,Railway,Market,0,Friday,0
MP-2026-014,P014,36-45,Friday,23.238847,77.401655,2026-01-02 04:13:00,17.43,1.77,6.1,Market,Park,4,Friday,0
MP-2026-014,P014,36-45,Monday,23.261724,77.410037,2026-01-01 20:03:00,33.38,6.42,11.54,Park,Home,20,Thursday,0
MP-2026-014,P014,26-35,Monday,23.258706,77.411558,2026-01-02 04:45:00,20.0,6.65,19.95,Home,Bus_Stop,4,Friday,0
MP-2026-014,P014,36-45,Thursday,23.258743,77.399679,2026-01-01 17:50:00,15.74,5.93,22.6,Bus_Stop,Market,17,Thursday,0
MP-2026-014,P014,18-25,Tuesday,23.240725,77.401122,2026-01-01 20:45:00,12.26,1.37,6.72,Market,Park,20,Thursday,0
MP-2026-014,P014,36-45,Wednesday,23.259257,77.398983,2026-01-02 02:36:00,31.64,17.05,32.33,Park,Hospital,2,Friday,0
MP-2026-014,P014,18-25,Sunday,23.240561,77.400352,2026-01-01 18:03:00,5.0,1.52,18.3,Hospital,Park,18,Thursday,0
MP-2026-014,P014,26-35,Wednesday,23.261287,77.414259,2026-01-01 21:06:00,27.99,6.07,13.02,Park,Home,21,Thursday,0
MP-2026-014,P014,18-25,Monday,23.257828,77.409447,2026-01-01 22:00:00,15.18,7.43,29.37,Home,Bus_Stop,22,Thursday,0
MP-2026-014,P014,36-45,Tuesday,23.215303,77.4324,2026-01-01 19:31:00,14.72,7.81,31.85,Bus_Stop,College,19,Thursday,0
MP-2026-014,P014,18-25,Thursday,23.206934,77.439358,2026-01-01 14:39:00,18.35,6.63,21.68,College,Mall,14,Thursday,0
MP-2026-014,P014,18-25,Monday,23.217092,77.433611,2026-01-01 20:31:00,31.73,16.55,31.3,Mall,College,20,Thursday,0
MP-2026-014,P014,18-25,Tuesday,23.258893,77.412123,2026-01-01 13:13:00,17.38,0.58,2.0,College,Home,13,Thursday,0
MP-2026-014,P014,26-35,Friday,23.257498,77.410604,2026-01-02 02:17:00,14.2,7.97,33.67,Home,Bus_Stop,2,Friday,0
MP-2026-014,P014,26-35,Saturday,23.21301,77.431243,2026-01-01 16:14:00,25.71,15.94,37.2,Bus_Stop,College,16,Thursday,0
MP-2026-014,P014,26-35,Friday,23.204232,77.438665,2026-01-01 13:47:00,32.31,17.83,33.1,College,Mall,13,Thursday,0
MP-2026-014,P014,36-45,Thursday,23.215251,77.432533,2026-01-01 18:31:00,17.26,10.5,36.5,Mall,College,18,Thursday,0
MP-2026-014,P014,26-35,Tuesday,23.258537,77.405218,2026-01-01 15:56:00,20.46,14.84,43.53,College,Market,15,Thursday,0
MP-2026-014,P014,18-25,Monday,23.26954,77.413917,2026-01-02 03:44:00,11.17,4.8,25.77,Market,Railway,3,Friday,0
MP-2026-014,P014,18-25,Friday,23.260628,77.413755,2026-01-01 21:36:00,17.44,0.58,2.0,Railway,Home,21,Thursday,0
MP-2026-014,P014,18-25,Thursday,23.256933,77.404147,2026-01-02 04:21:00,21.54,8.05,22.43,Home,Market,4,Friday,0
MP-2026-014,P014,36-45,Friday,23.239513,77.402926,2026-01-01 20:33:00,20.54,4.63,13.53,Market,Park,20,Thursday,0
MP-2026-014,P014,18-25,Tuesday,23.258805,77.395924,2026-01-02 01:11:00,27.45,15.94,34.83,Park,Hospital,1,Friday,0
MP-2026-014,P014,26-35,Wednesday,23.258929,77.403735,2026-01-01 15:11:00,20.92,11.76,33.73,Hospital,Market,15,Thursday,0
MP-2026-014,P014,26-35,Tuesday,23.261263,77.414828,2026-01-02 04:55:00,33.02,4.8,8.73,Market,Home,4,Friday,0
MP-2026-014,P014,18-25,Friday,23.216494,77.431708,2026-01-02 04:31:00,20.28,8.55,25.29,Home,College,4,Friday,0
MP-2026-014,P014,26-35,Monday,23.206359,77.435952,2026-01-02 03:00:00,17.39,6.79,23.45,College,Mall,3,Friday,0
MP-2026-014,P014,26-35,Thursday,23.260534,77.41376,2026-01-02 00:28:00,18.31,0.78,2.54,Mall,Home,0,Friday,0
MP-2026-014,P014,36-45,Tuesday,23.218065,77.432177,2026-01-02 03:25:00,15.91,6.15,23.19,Home,College,3,Friday,0
MP-2026-014,P014,26-35,Saturday,23.205113,77.43787,2026-01-02 01:17:00,41.71,16.53,23.77,College,Mall,1,Friday,0
MP-2026-014,P014,26-35,Wednesday,23.214889,77.432392,2026-01-02 01:45:00,14.49,6.61,27.38,Mall,College,1,Friday,0
MP-2026-014,P014,36-45,Monday,23.26007,77.41317,2026-01-01 16:23:00,27.09,0.9,2.0,College,Home,16,Thursday,0
MP-2026-014,P014,18-25,Tuesday,23.257267,77.409285,2026-01-02 04:45:00,13.84,6.7,29.07,Home,Bus_Stop,4,Friday,0
MP-2026-014,P014,26-35,Wednesday,23.257392,77.403417,2026-01-01 19:31:00,15.87,5.56,21.0,Bus_Stop,Market,19,Thursday,0
MP-2026-014,P014,26-35,Wednesday,23.270092,77.412395,2026-01-01 15:43:00,32.85,18.29,33.41,Market,Railway,15,Thursday,0
MP-2026-014,P014,18-25,Friday,23.258257,77.410212,2026-01-02 02:09:00,23.74,9.17,23.18,Railway,Bus_Stop,2,Friday,0
MP-2026-014,P014,18-25,Tuesday,23.268817,77.411586,2026-01-02 01:48:00,22.26,10.57,28.48,Bus_Stop,Railway,1,Friday,0
MP-2026-014,P014,18-25,Wednesday,23.25997,77.409612,2026-01-02 01:07:00,20.07,9.9,29.59,Railway,Bus_Stop,1,Friday,0
MP-2026-014,P014,18-25,Friday,23.27033,77.414215,2026-01-01 20:34:00,18.55,8.78,28.38,Bus_Stop,Railway,20,Thursday,0
MP-2026-014,P014,26-35,Tuesday,23.260289,77.400333,2026-01-01 16:33:00,15.67,5.37,20.56,Railway,Market,16,Thursday,0
MP-2026-014,P014,18-25,Thursday,23.237167,77.401534,2026-01-02 03:44:00,28.93,9.26,19.2,Market,Park,3,Friday,0
MP-2026-014,P014,36-45,Monday,23.258493,77.396557,2026-01-01 19:35:00,34.95,20.79,35.7,Park,Hospital,19,Thursday,0
MP-2026-015,P015,18-25,Tuesday,23.217164,77.430915,2026-01-03 03:13:00,19.62,8.52,26.07,Home,College,3,Saturday,1
MP-2026-015,P015,26-35,Thursday,23.259046,77.411764,2026-01-02 16:31:00,16.96,4.87,17.21,College,Home,16,Friday,0
MP-2026-015,P015,18-25,Sunday,23.257919,77.402716,2026-01-02 16:16:00,25.66,18.99,44.41,Home,Market,16,Friday,0
MP-2026-015,P015,26-35,Monday,23.257353,77.41232,2026-01-02 19:40:00,31.53,9.29,17.68,Market,Home,19,Friday,0
MP-2026-015,P015,36-45,Tuesday,23.258913,77.406267,2026-01-03 02:01:00,21.77,8.13,22.41,Home,Market,2,Saturday,1
MP-2026-015,P015,18-25,Saturday,23.268555,77.41494,2026-01-02 14:55:00,37.68,14.47,23.05,Market,Railway,14,Friday,0
MP-2026-015,P015,18-25,Friday,23.261883,77.415093,2026-01-02 22:12:00,19.54,5.08,15.6,Railway,Home,22,Friday,0
MP-2026-015,P015,26-35,Thursday,23.260382,77.404074,2026-01-02 16:20:00,23.45,10.15,25.98,Home,Market,16,Friday,0
MP-2026-015,P015,18-25,Sunday,23.238008,77.399384,2026-01-02 15:16:00,11.35,1.72,9.08,Market,Park,15,Friday,0
MP-2026-015,P015,26-35,Monday,23.260406,77.396764,2026-01-03 03:48:00,12.39,3.16,15.32,Park,Hospital,3,Saturday,1
MP-2026-015,P015,36-45,Tuesday,23.238734,77.399144,2026-01-03 02:14:00,29.0,5.28,10.92,Hospital,Park,2,Saturday,1
MP-2026-015,P015,36-45,Thursday,23.260997,77.413992,2026-01-02 19:09:00,8.77,0.29,2.0,Park,Home,19,Friday,0
MP-2026-015,P015,26-35,Thursday,23.258627,77.410583,2026-01-02 21:12:00,27.57,8.23,17.91,Home,Bus_Stop,21,Friday,0
MP-2026-015,P015,36-45,Tuesday,23.268189,77.413525,2026-01-02 14:50:00,23.63,7.35,18.66,Bus_Stop,Railway,14,Friday,0
MP-2026-015,P015,18-25,Saturday,23.260038,77.405601,2026-01-03 03:23:00,5.0,2.81,33.72,Railway,Market,3,Saturday,1
MP-2026-015,P015,18-25,Friday,23.270638,77.41278,2026-01-02 19:28:00,27.97,8.15,17.48,Market,Railway,19,Friday,0
MP-2026-015,P015,26-35,Monday,23.257553,77.409549,2026-01-03 01:44:00,27.49,13.9,30.33,Railway,Bus_Stop,1,Saturday,1
MP-2026-015,P015,36-45,Wednesday,23.258258,77.403046,2026-01-02 16:20:00,16.76,9.51,34.04,Bus_Stop,Market,16,Friday,0
MP-2026-015,P015,36-45,Thursday,23.238613,77.400219,2026-01-02 20:00:00,5.76,0.99,10.33,Market,Park,20,Friday,0
MP-2026-015,P015,36-45,Sunday,23.259793,77.403823,2026-01-02 14:54:00,41.09,19.38,28.29,Park,Market,14,Friday,0
MP-2026-015,P015,26-35,Thursday,23.240279,77.402469,2026-01-02 13:10:00,14.57,0.49,2.0,Market,Park,13,Friday,0
MP-2026-015,P015,18-25,Tuesday,23.259928,77.39694,2026-01-02 17:40:00,26.55,12.27,27.73,Park,Hospital,17,Friday,0
MP-2026-015,P015,26-35,Saturday,23.256688,77.402222,2026-01-03 03:54:00,18.72,6.8,21.78,Hospital,Market,3,Saturday,1
MP-2026-015,P015,36-45,Thursday,23.270563,77.412996,2026-01-03 03:11:00,16.08,9.53,35.53,Market,Railway,3,Saturday,1
MP-2026-015,P015,26-35,Tuesday,23.260912,77.411543,2026-01-02 23:23:00,8.8,0.61,4.14,Railway,Home,23,Friday,0
MP-2026-015,P015,36-45,Tuesday,23.215381,77.432337,2026-01-03 03:12:00,18.29,8.75,28.7,Home,College,3,Saturday,1
MP-2026-015,P015,18-25,Sunday,23.25791,77.404725,2026-01-02 18:52:00,8.14,3.33,24.54,College,Market,18,Friday,0
MP-2026-015,P015,36-45,Monday,23.260653,77.414598,2026-01-02 20:29:00,24.09,1.54,3.84,Market,Home,20,Friday,0
MP-2026-015,P015,18-25,Tuesday,23.258141,77.40513,2026-01-03 02:37:00,18.63,11.45,36.86,Home,Market,2,Saturday,1
MP-2026-015,P015,36-45,Saturday,23.259946,77.413546,2026-01-02 14:47:00,25.78,9.55,22.22,Market,Home,14,Friday,0
MP-2026-015,P015,26-35,Thursday,23.21463,77.431701,2026-01-02 16:06:00,28.97,11.93,24.7,Home,College,16,Friday,0
MP-2026-015,P015,26-35,Tuesday,23.206509,77.438105,2026-01-03 03:43:00,21.12,9.85,27.99,College,Mall,3,Saturday,1
MP-2026-015,P015,18-25,Thursday,23.25949,77.4051,2026-01-02 18:40:00,22.0,9.56,26.08,Mall,Market,18,Friday,0
MP-2026-015,P015,26-35,Wednesday,23.269729,77.413798,2026-01-02 14:20:00,20.52,8.05,23.53,Market,Railway,14,Friday,0
MP-2026-015,P015,26-35,Sunday,23.259105,77.404452,2026-01-02 15:58:00,33.16,10.88,19.69,Railway,Market,15,Friday,0
MP-2026-015,P015,18-25,Tuesday,23.268307,77.413012,2026-01-03 03:38:00,25.93,10.04,23.22,Market,Railway,3,Saturday,1
MP-2026-015,P015,26-35,Friday,23.260483,77.408043,2026-01-02 15:38:00,11.11,8.0,43.17,Railway,Bus_Stop,15,Friday,0
MP-2026-015,P015,36-45,Friday,23.260499,77.403065,2026-01-02 19:49:00,12.84,3.79,17.69,Bus_Stop,Market,19,Friday,0
MP-2026-015,P015,36-45,Thursday,23.260574,77.396926,2026-01-03 02:55:00,5.21,2.44,28.04,Market,Hospital,2,Saturday,1
MP-2026-015,P015,36-45,Monday,23.259703,77.404517,2026-01-02 14:55:00,12.1,6.94,34.4,Hospital,Market,14,Friday,0
MP-2026-015,P015,26-35,Friday,23.237024,77.40187,2026-01-02 19:24:00,12.08,0.4,2.0,Market,Park,19,Friday,0
MP-2026-015,P015,36-45,Saturday,23.259924,77.41212,2026-01-03 01:36:00,20.19,4.44,13.19,Park,Home,1,Saturday,1
MP-2026-015,P015,26-35,Wednesday,23.258593,77.409749,2026-01-03 02:46:00,27.16,14.19,31.36,Home,Bus_Stop,2,Saturday,1
MP-2026-015,P015,36-45,Sunday,23.258773,77.403896,2026-01-02 23:47:00,14.01,4.44,19.0,Bus_Stop,Market,23,Friday,0
MP-2026-015,P015,18-25,Tuesday,23.269829,77.411704,2026-01-02 20:57:00,23.36,11.98,30.76,Market,Railway,20,Friday,0
MP-2026-015,P015,36-45,Wednesday,23.259073,77.409295,2026-01-03 03:57:00,26.25,19.78,45.22,Railway,Bus_Stop,3,Saturday,1
MP-2026-015,P015,26-35,Sunday,23.269665,77.411709,2026-01-03 03:59:00,27.52,15.33,33.41,Bus_Stop,Railway,3,Saturday,1
MP-2026-015,P015,36-45,Monday,23.25797,77.410063,2026-01-02 22:48:00,5.0,1.96,23.56,Railway,Bus_Stop,22,Friday,0
MP-2026-015,P015,26-35,Thursday,23.2176,77.432369,2026-01-02 22:27:00,23.02,16.04,41.82,Bus_Stop,College,22,Friday,0
MP-2026-015,P015,36-45,Tuesday,23.26045,77.414361,2026-01-03 00:26:00,26.38,6.96,15.82,College,Home,0,Saturday,1
MP-2026-015,P015,26-35,Thursday,23.256793,77.40306,2026-01-02 15:17:00,41.59,15.03,21.68,Home,Market,15,Friday,0
MP-2026-015,P015,18-25,Sunday,23.239243,77.401226,2026-01-02 15:20:00,25.91,3.08,7.12,Market,Park,15,Friday,0
MP-2026-015,P015,26-35,Monday,23.261669,77.39897,2026-01-02 19:35:00,20.19,7.14,21.22,Park,Hospital,19,Friday,0
MP-2026-015,P015,36-45,Friday,23.258808,77.403708,2026-01-03 01:40:00,23.69,13.23,33.52,Hospital,Market,1,Saturday,1
MP-2026-015,P015,36-45,Thursday,23.259267,77.41013,2026-01-02 14:07:00,12.87,1.03,4.82,Market,Home,14,Friday,0
MP-2026-015,P015,18-25,Friday,23.258594,77.405457,2026-01-02 19:07:00,9.36,7.19,46.09,Home,Market,19,Friday,0
MP-2026-015,P015,18-25,Wednesday,23.237595,77.400151,2026-01-03 03:38:00,13.7,6.66,29.17,Market,Park,3,Saturday,1
MP-2026-015,P015,18-25,Tuesday,23.259515,77.404925,2026-01-03 00:29:00,21.69,8.13,22.48,Park,Market,0,Saturday,1
MP-2026-015,P015,26-35,Sunday,23.258403,77.411191,2026-01-03 04:33:00,19.3,4.32,13.42,Market,Home,4,Saturday,1
MP-2026-015,P015,18-25,Thursday,23.260652,77.410783,2026-01-02 23:08:00,7.19,2.38,19.84,Home,Bus_Stop,23,Friday,0
MP-2026-015,P015,36-45,Sunday,23.258444,77.402722,2026-01-02 19:25:00,21.85,12.26,33.67,Bus_Stop,Market,19,Friday,0
MP-2026-015,P015,18-25,Friday,23.258151,77.412751,2026-01-02 14:55:00,22.96,8.19,21.41,Market,Home,14,Friday,0
MP-2026-015,P015,18-25,Monday,23.217489,77.431585,2026-01-02 21:35:00,7.09,3.72,31.46,Home,College,21,Friday,0
MP-2026-015,P015,26-35,Tuesday,23.260181,77.413998,2026-01-02 17:46:00,25.66,3.95,9.23,College,Home,17,Friday,0
MP-2026-015,P015,18-25,Sunday,23.258247,77.403951,2026-01-02 17:13:00,9.4,6.71,42.83,Home,Market,17,Friday,0
MP-2026-015,P015,36-45,Wednesday,23.259206,77.412954,2026-01-03 04:08:00,15.07,1.39,5.52,Market,Home,4,Saturday,1
MP-2026-015,P015,18-25,Sunday,23.259387,77.412588,2026-01-02 20:06:00,20.32,9.01,26.61,Home,Bus_Stop,20,Friday,0
MP-2026-015,P015,26-35,Tuesday,23.213465,77.43136,2026-01-03 02:07:00,12.58,7.07,33.7,Bus_Stop,College,2,Saturday,1
MP-2026-015,P015,26-35,Friday,23.259764,77.397217,2026-01-02 20:11:00,19.24,8.58,26.77,College,Hospital,20,Friday,0
MP-2026-015,P015,26-35,Tuesday,23.261449,77.404575,2026-01-02 20:49:00,23.63,6.19,15.71,Hospital,Market,20,Friday,0
MP-2026-015,P015,26-35,Saturday,23.25904,77.411092,2026-01-02 21:35:00,28.73,0.96,2.0,Market,Home,21,Friday,0
MP-2026-015,P015,18-25,Sunday,23.260209,77.404028,2026-01-02 23:23:00,9.28,2.58,16.65,Home,Market,23,Friday,0
MP-2026-015,P015,36-45,Friday,23.207686,77.436543,2026-01-03 00:22:00,30.35,8.54,16.88,Market,Mall,0,Saturday,1
MP-2026-015,P015,18-25,Wednesday,23.259869,77.411196,2026-01-03 01:26:00,25.77,2.17,5.06,Mall,Home,1,Saturday,1
MP-2026-015,P015,18-25,Monday,23.258775,77.40893,2026-01-03 04:21:00,29.34,10.49,21.44,Home,Bus_Stop,4,Saturday,1
MP-2026-015,P015,18-25,Monday,23.259685,77.403132,2026-01-02 17:20:00,20.37,9.27,27.3,Bus_Stop,Market,17,Friday,0
MP-2026-015,P015,36-45,Thursday,23.237882,77.399947,2026-01-02 13:00:00,19.8,6.91,20.94,Market,Park,13,Friday,0
MP-2026-015,P015,26-35,Friday,23.26116,77.413291,2026-01-02 16:12:00,5.0,0.65,7.81,Park,Home,16,Friday,0
MP-2026-015,P015,26-35,Saturday,23.260383,77.409116,2026-01-02 22:45:00,18.16,9.2,30.39,Home,Bus_Stop,22,Friday,0
MP-2026-015,P015,26-35,Saturday,23.21684,77.431374,2026-01-02 23:00:00,11.87,4.85,24.54,Bus_Stop,College,23,Friday,0
MP-2026-016,P016,36-45,Sunday,23.260187,77.405634,2026-01-03 17:05:00,20.3,11.04,32.64,Home,Market,17,Saturday,1
MP-2026-016,P016,26-35,Monday,23.268542,77.410869,2026-01-03 18:02:00,29.11,19.41,40.0,Market,Railway,18,Saturday,1
MP-2026-016,P016,26-35,Wednesday,23.258673,77.413083,2026-01-03 17:07:00,29.82,8.17,16.44,Railway,Home,17,Saturday,1
MP-2026-016,P016,26-35,Friday,23.216224,77.433274,2026-01-03 21:03:00,15.79,5.42,20.59,Home,College,21,Saturday,1
MP-2026-016,P016,36-45,Sunday,23.20612,77.435947,2026-01-03 17:49:00,20.06,10.59,31.69,College,Mall,17,Saturday,1
MP-2026-016,P016,36-45,Sunday,23.217151,77.43149,2026-01-03 13:50:00,20.9,7.54,21.66,Mall,College,13,Saturday,1
MP-2026-016,P016,18-25,Monday,23.26129,77.412574,2026-01-03 23:39:00,16.63,0.55,2.0,College,Home,23,Saturday,1
MP-2026-016,P016,26-35,Thursday,23.256177,77.412114,2026-01-03 20:16:00,13.96,7.07,30.38,Home,Bus_Stop,20,Saturday,1
MP-2026-016,P016,26-35,Tuesday,23.256293,77.404517,2026-01-03 22:17:00,34.44,21.13,36.81,Bus_Stop,Market,22,Saturday,1
MP-2026-016,P016,18-25,Wednesday,23.271837,77.41003,2026-01-03 18:13:00,24.99,11.13,26.73,Market,Railway,18,Saturday,1
MP-2026-016,P016,18-25,Monday,23.258319,77.410667,2026-01-03 16:32:00,28.38,11.8,24.95,Railway,Bus_Stop,16,Saturday,1
MP-2026-016,P016,26-35,Thursday,23.258539,77.403085,2026-01-03 20:14:00,23.31,14.56,37.47,Bus_Stop,Market,20,Saturday,1
MP-2026-016,P016,26-35,Wednesday,23.270976,77.412256,2026-01-03 23:54:00,18.67,9.19,29.53,Market,Railway,23,Saturday,1
MP-2026-016,P016,26-35,Wednesday,23.259271,77.415178,2026-01-03 14:29:00,15.43,0.51,2.0,Railway,Home,14,Saturday,1
MP-2026-016,P016,36-45,Friday,23.216826,77.432253,2026-01-04 01:19:00,15.66,5.06,19.39,Home,College,1,Sunday,1
MP-2026-016,P016,36-45,Monday,23.260277,77.404326,2026-01-03 16:31:00,19.66,9.43,28.79,College,Market,16,Saturday,1
MP-2026-016,P016,26-35,Tuesday,23.259611,77.403261,2026-01-03 21:19:00,28.42,12.33,26.02,Market,Market,21,Saturday,1
MP-2026-016,P016,26-35,Tuesday,23.260203,77.410236,2026-01-03 16:01:00,17.63,4.57,15.56,Market,Home,16,Saturday,1
MP-2026-016,P016,26-35,Tuesday,23.257861,77.411017,2026-01-03 13:21:00,17.63,5.87,19.99,Home,Bus_Stop,13,Saturday,1
MP-2026-016,P016,18-25,Tuesday,23.240285,77.399759,2026-01-03 16:05:00,32.37,6.78,12.56,Bus_Stop,Park,16,Saturday,1
MP-2026-016,P016,18-25,Sunday,23.260875,77.398528,2026-01-03 23:07:00,29.55,13.56,27.53,Park,Hospital,23,Saturday,1
MP-2026-016,P016,18-25,Tuesday,23.239039,77.402973,2026-01-03 19:05:00,21.32,5.49,15.45,Hospital,Park,19,Saturday,1
MP-2026-016,P016,18-25,Saturday,23.260546,77.397393,2026-01-03 15:17:00,5.0,2.45,29.38,Park,Hospital,15,Saturday,1
MP-2026-016,P016,18-25,Sunday,23.207857,77.436873,2026-01-04 02:51:00,19.32,9.26,28.76,Hospital,Mall,2,Sunday,1
MP-2026-016,P016,26-35,Sunday,23.256393,77.411227,2026-01-03 14:03:00,10.56,1.63,9.27,Mall,Home,14,Saturday,1
MP-2026-016,P016,36-45,Saturday,23.257733,77.410309,2026-01-04 01:27:00,8.94,4.98,33.43,Home,Bus_Stop,1,Sunday,1
MP-2026-016,P016,18-25,Tuesday,23.267305,77.412128,2026-01-03 17:00:00,23.97,9.5,23.78,Bus_Stop,Railway,17,Saturday,1
MP-2026-016,P016,18-25,Sunday,23.257608,77.406624,2026-01-03 13:22:00,9.12,3.51,23.09,Railway,Market,13,Saturday,1
MP-2026-016,P016,18-25,Friday,23.258476,77.413373,2026-01-03 17:20:00,14.18,0.7,2.95,Market,Home,17,Saturday,1
MP-2026-016,P016,36-45,Saturday,23.258624,77.411123,2026-01-04 03:19:00,17.63,8.29,28.2,Home,Bus_Stop,3,Sunday,1
MP-2026-016,P016,26-35,Wednesday,23.271374,77.410821,2026-01-03 19:53:00,18.27,10.26,33.68,Bus_Stop,Railway,19,Saturday,1
MP-2026-016,P016,18-25,Saturday,23.258881,77.403673,2026-01-03 15:14:00,11.54,6.92,35.99,Railway,Market,15,Saturday,1
MP-2026-016,P016,26-35,Tuesday,23.260195,77.412508,2026-01-03 15:14:00,10.51,3.92,22.35,Market,Home,15,Saturday,1
MP-2026-016,P016,18-25,Friday,23.260929,77.408372,2026-01-04 01:23:00,26.24,12.41,28.37,Home,Bus_Stop,1,Sunday,1
MP-2026-016,P016,26-35,Saturday,23.214963,77.430542,2026-01-04 00:50:00,29.14,12.43,25.6,Bus_Stop,College,0,Sunday,1
MP-2026-016,P016,26-35,Tuesday,23.260377,77.413321,2026-01-03 22:05:00,21.8,0.73,2.0,College,Home,22,Saturday,1
MP-2026-016,P016,18-25,Thursday,23.258561,77.404332,2026-01-04 00:48:00,22.8,7.91,20.81,Home,Market,0,Sunday,1
MP-2026-016,P016,36-45,Sunday,23.267689,77.414183,2026-01-03 14:18:00,27.18,11.05,24.4,Market,Railway,14,Saturday,1
MP-2026-016,P016,26-35,Sunday,23.260049,77.404207,2026-01-03 15:31:00,19.83,4.18,12.64,Railway,Market,15,Saturday,1
MP-2026-016,P016,26-35,Saturday,23.26856,77.412564,2026-01-04 03:00:00,20.76,10.15,29.34,Market,Railway,3,Sunday,1
MP-2026-016,P016,36-45,Sunday,23.237193,77.400009,2026-01-04 04:08:00,26.9,10.02,22.35,Railway,Park,4,Sunday,1
MP-2026-016,P016,18-25,Thursday,23.26096,77.410961,2026-01-03 22:43:00,18.55,1.93,6.25,Park,Home,22,Saturday,1
MP-2026-016,P016,26-35,Monday,23.21543,77.429536,2026-01-04 03:17:00,9.2,3.71,24.18,Home,College,3,Sunday,1
MP-2026-016,P016,18-25,Monday,23.259872,77.412383,2026-01-03 20:24:00,26.68,2.85,6.4,College,Home,20,Saturday,1
MP-2026-016,P016,36-45,Saturday,23.257002,77.401598,2026-01-03 13:49:00,12.36,5.75,27.89,Home,Market,13,Saturday,1
MP-2026-016,P016,36-45,Sunday,23.267717,77.411609,2026-01-03 13:38:00,29.8,14.65,29.5,Market,Railway,13,Saturday,1
MP-2026-016,P016,36-45,Thursday,23.261073,77.411108,2026-01-03 18:02:00,20.48,15.85,46.43,Railway,Bus_Stop,18,Saturday,1
MP-2026-016,P016,36-45,Monday,23.215758,77.431937,2026-01-03 23:45:00,29.21,14.23,29.23,Bus_Stop,College,23,Saturday,1
MP-2026-016,P016,18-25,Saturday,23.206907,77.436846,2026-01-03 13:24:00,17.94,10.1,33.79,College,Mall,13,Saturday,1
MP-2026-016,P016,18-25,Saturday,23.21319,77.432683,2026-01-04 02:14:00,23.42,7.29,18.68,Mall,College,2,Sunday,1
MP-2026-016,P016,36-45,Friday,23.261819,77.412844,2026-01-04 04:43:00,26.16,0.87,2.0,College,Home,4,Sunday,1
MP-2026-016,P016,26-35,Friday,23.260151,77.410978,2026-01-04 02:49:00,13.44,4.89,21.84,Home,Bus_Stop,2,Sunday,1
MP-2026-016,P016,18-25,Friday,23.25917,77.403339,2026-01-03 14:14:00,24.39,7.58,18.64,Bus_Stop,Market,14,Saturday,1
MP-2026-016,P016,26-35,Thursday,23.238872,77.400671,2026-01-03 13:06:00,25.14,0.91,2.17,Market,Park,13,Saturday,1
MP-2026-016,P016,36-45,Friday,23.283889916066787,77.43903909581189,2026-01-03 21:41:00,19.01,6.29,106.40264006534,Park,Home,21,Saturday,1
MP-2026-016,P016,36-45,Monday,23.259208,77.403781,2026-01-03 15:48:00,23.0,8.47,22.1,Home,Market,15,Saturday,1
MP-2026-016,P016,36-45,Wednesday,23.237145,77.401518,2026-01-03 17:40:00,22.78,3.41,8.98,Market,Park,17,Saturday,1
MP-2026-016,P016,26-35,Wednesday,23.260953,77.411273,2026-01-03 16:32:00,10.31,2.0,11.66,Park,Home,16,Saturday,1
MP-2026-016,P016,36-45,Monday,23.256738,77.408634,2026-01-03 20:11:00,17.6,10.17,34.67,Home,Bus_Stop,20,Saturday,1
MP-2026-016,P016,36-45,Sunday,23.25938,77.405347,2026-01-03 17:00:00,11.46,7.63,39.97,Bus_Stop,Market,17,Saturday,1
MP-2026-016,P016,26-35,Wednesday,23.27024,77.414392,2026-01-03 19:41:00,16.65,10.73,38.66,Market,Railway,19,Saturday,1
MP-2026-016,P016,26-35,Tuesday,23.258842,77.409485,2026-01-03 13:52:00,16.23,6.88,25.43,Railway,Bus_Stop,13,Saturday,1
MP-2026-016,P016,26-35,Thursday,23.258506,77.403208,2026-01-04 02:45:00,25.21,12.81,30.48,Bus_Stop,Market,2,Sunday,1
MP-2026-016,P016,18-25,Thursday,23.270303,77.41431,2026-01-03 15:57:00,5.49,2.46,26.92,Market,Railway,15,Saturday,1
MP-2026-016,P016,26-35,Sunday,23.258544,77.41047,2026-01-04 00:09:00,32.71,19.72,36.17,Railway,Bus_Stop,0,Sunday,1
MP-2026-016,P016,36-45,Thursday,23.268503,77.413707,2026-01-04 01:44:00,17.84,10.82,36.38,Bus_Stop,Railway,1,Sunday,1
MP-2026-016,P016,26-35,Saturday,23.26031,77.411042,2026-01-03 19:40:00,17.99,1.01,3.38,Railway,Home,19,Saturday,1
MP-2026-016,P016,36-45,Sunday,23.215913,77.431295,2026-01-03 21:42:00,25.82,7.2,16.74,Home,College,21,Saturday,1
MP-2026-016,P016,36-45,Thursday,23.259057,77.404834,2026-01-03 14:28:00,17.89,6.72,22.54,College,Market,14,Saturday,1
MP-2026-016,P016,26-35,Sunday,23.260487,77.411184,2026-01-03 19:44:00,18.81,6.05,19.31,Market,Home,19,Saturday,1
MP-2026-016,P016,26-35,Wednesday,23.258171,77.405162,2026-01-03 15:04:00,8.12,3.51,25.89,Home,Market,15,Saturday,1
MP-2026-016,P016,18-25,Friday,23.2382,77.402692,2026-01-03 14:28:00,12.33,0.74,3.58,Market,Park,14,Saturday,1
MP-2026-016,P016,18-25,Monday,23.259695,77.411528,2026-01-04 02:43:00,19.08,2.77,8.72,Park,Home,2,Sunday,1
MP-2026-016,P016,18-25,Monday,23.257462,77.411302,2026-01-04 04:10:00,24.59,8.9,21.72,Home,Bus_Stop,4,Sunday,1
MP-2026-016,P016,36-45,Thursday,23.257839,77.404227,2026-01-03 16:27:00,18.91,8.28,26.27,Bus_Stop,Market,16,Saturday,1
MP-2026-016,P016,26-35,Friday,23.271312,77.41195,2026-01-04 01:57:00,22.42,10.09,27.01,Market,Railway,1,Sunday,1
MP-2026-016,P016,18-25,Monday,23.260233,77.412491,2026-01-03 15:32:00,12.09,1.87,9.26,Railway,Home,15,Saturday,1
MP-2026-016,P016,36-45,Sunday,23.237512,77.402537,2026-01-03 18:21:00,12.26,1.39,6.8,Home,Park,18,Saturday,1
MP-2026-016,P016,36-45,Thursday,23.259669,77.413319,2026-01-04 01:51:00,10.98,1.29,7.05,Park,Home,1,Sunday,1
MP-2026-016,P016,36-45,Sunday,23.216125,77.433002,2026-01-04 01:15:00,23.36,15.08,38.73,Home,College,1,Sunday,1
MP-2026-017,P017,36-45,Tuesday,23.261175,77.412212,2026-01-04 16:43:00,21.4,10.0,28.04,Home,Home,16,Sunday,1
MP-2026-017,P017,36-45,Thursday,23.2586,77.412153,2026-01-04 13:51:00,5.0,2.53,30.3,Home,Bus_Stop,13,Sunday,1
MP-2026-017,P017,18-25,Sunday,23.217663,77.432645,2026-01-04 21:44:00,18.24,11.89,39.1,Bus_Stop,College,21,Sunday,1
MP-2026-017,P017,26-35,Sunday,23.206338,77.437138,2026-01-05 03:20:00,15.75,4.55,17.34,College,Mall,3,Monday,0
MP-2026-017,P017,36-45,Sunday,23.258765,77.412587,2026-01-04 17:45:00,6.36,0.74,7.0,Mall,Home,17,Sunday,1
MP-2026-017,P017,26-35,Saturday,23.259493,77.402832,2026-01-04 14:51:00,5.0,2.31,27.69,Home,Market,14,Sunday,1
MP-2026-017,P017,36-45,Friday,23.270667,77.414245,2026-01-05 03:51:00,16.85,9.57,34.06,Market,Railway,3,Monday,0
MP-2026-017,P017,26-35,Sunday,23.257995,77.395801,2026-01-04 16:03:00,16.28,6.28,23.15,Railway,Hospital,16,Sunday,1
MP-2026-017,P017,36-45,Monday,23.261226,77.412147,2026-01-04 23:58:00,29.6,3.27,6.63,Hospital,Home,23,Sunday,1
MP-2026-017,P017,26-35,Sunday,23.259237,77.404225,2026-01-04 22:36:00,29.39,11.86,24.21,Home,Market,22,Sunday,1
MP-2026-017,P017,26-35,Friday,23.261817,77.411624,2026-01-04 19:39:00,30.5,6.72,13.21,Market,Home,19,Sunday,1
MP-2026-017,P017,18-25,Saturday,23.256433,77.403764,2026-01-05 04:15:00,22.77,12.27,32.33,Home,Market,4,Monday,0
MP-2026-017,P017,26-35,Sunday,23.238486,77.403796,2026-01-04 13:00:00,16.19,5.84,21.65,Market,Park,13,Sunday,1
MP-2026-017,P017,36-45,Tuesday,23.259623,77.412544,2026-01-04 23:56:00,5.26,1.52,17.37,Park,Home,23,Sunday,1
MP-2026-017,P017,36-45,Friday,23.216245,77.432156,2026-01-04 22:26:00,12.61,3.75,17.84,Home,College,22,Sunday,1
MP-2026-017,P017,36-45,Wednesday,23.260647,77.413383,2026-01-04 22:37:00,22.15,6.81,18.45,College,Home,22,Sunday,1
MP-2026-017,P017,26-35,Sunday,23.215989,77.432602,2026-01-04 21:16:00,5.72,1.7,17.84,Home,College,21,Sunday,1
MP-2026-017,P017,18-25,Friday,23.204707,77.437217,2026-01-04 14:33:00,7.18,3.37,28.11,College,Mall,14,Sunday,1
MP-2026-017,P017,18-25,Thursday,23.259083,77.403841,2026-01-04 19:43:00,24.35,9.21,22.68,Mall,Market,19,Sunday,1
MP-2026-017,P017,36-45,Saturday,23.238828,77.400915,2026-01-04 23:29:00,39.77,1.33,2.0,Market,Park,23,Sunday,1
MP-2026-017,P017,18-25,Thursday,23.25996,77.395811,2026-01-05 00:03:00,22.35,13.19,35.41,Park,Hospital,0,Monday,0
MP-2026-017,P017,26-35,Tuesday,23.238378,77.399422,2026-01-04 19:01:00,26.74,1.13,2.54,Hospital,Park,19,Sunday,1
MP-2026-017,P017,36-45,Friday,23.259794,77.39853,2026-01-04 13:05:00,11.22,5.22,27.93,Park,Hospital,13,Sunday,1
MP-2026-017,P017,26-35,Sunday,23.261145,77.403479,2026-01-04 14:51:00,27.27,17.02,37.44,Hospital,Market,14,Sunday,1
MP-2026-017,P017,18-25,Thursday,23.26759,77.413572,2026-01-04 16:00:00,24.88,12.6,30.38,Market,Railway,16,Sunday,1
MP-2026-017,P017,26-35,Wednesday,23.259237,77.400974,2026-01-04 14:53:00,20.74,14.38,41.59,Railway,Market,14,Sunday,1
MP-2026-017,P017,18-25,Wednesday,23.26867,77.415072,2026-01-04 15:16:00,22.57,12.14,32.27,Market,Railway,15,Sunday,1
MP-2026-017,P017,18-25,Friday,23.258254,77.409193,2026-01-04 19:12:00,23.96,16.0,40.08,Railway,Bus_Stop,19,Sunday,1
MP-2026-017,P017,26-35,Wednesday,23.21659,77.433484,2026-01-05 02:43:00,17.97,10.78,36.01,Bus_Stop,College,2,Monday,0
MP-2026-017,P017,36-45,Saturday,23.208383,77.436634,2026-01-04 23:41:00,27.66,10.6,22.99,College,Mall,23,Sunday,1
MP-2026-017,P017,26-35,Wednesday,23.239968,77.404038,2026-01-04 23:28:00,28.46,8.04,16.95,Mall,Park,23,Sunday,1
MP-2026-017,P017,18-25,Sunday,23.259361,77.412113,2026-01-04 20:54:00,24.86,12.04,29.06,Park,Home,20,Sunday,1
MP-2026-017,P017,18-25,Sunday,23.21587,77.432728,2026-01-04 16:47:00,24.18,12.9,32.01,Home,College,16,Sunday,1
MP-2026-017,P017,26-35,Saturday,23.207099,77.436593,2026-01-04 19:57:00,31.72,14.08,26.63,College,Mall,19,Sunday,1
MP-2026-017,P017,26-35,Sunday,23.259232,77.402954,2026-01-04 13:45:00,18.71,8.8,28.22,Mall,Market,13,Sunday,1
MP-2026-017,P017,18-25,Tuesday,23.268914,77.413759,2026-01-05 03:07:00,17.35,9.33,32.26,Market,Railway,3,Monday,0
MP-2026-017,P017,18-25,Monday,23.260005,77.411355,2026-01-05 00:10:00,25.98,6.33,14.62,Railway,Home,0,Monday,0
MP-2026-017,P017,18-25,Tuesday,23.262084,77.403252,2026-01-04 20:23:00,23.8,14.81,37.32,Home,Market,20,Sunday,1
MP-2026-017,P017,36-45,Monday,23.259865,77.412767,2026-01-04 17:57:00,23.43,6.97,17.85,Market,Home,17,Sunday,1
MP-2026-017,P017,36-45,Friday,23.21436,77.431907,2026-01-04 21:22:00,13.56,9.5,42.03,Home,College,21,Sunday,1
MP-2026-017,P017,36-45,Thursday,23.206497,77.435719,2026-01-04 13:20:00,18.58,7.85,25.36,College,Mall,13,Sunday,1
MP-2026-017,P017,26-35,Sunday,23.258945,77.414696,2026-01-04 19:18:00,25.67,6.6,15.42,Mall,Home,19,Sunday,1
MP-2026-017,P017,26-35,Thursday,23.2603,77.403689,2026-01-04 23:59:00,27.2,13.55,29.9,Home,Market,23,Sunday,1
MP-2026-017,P017,18-25,Saturday,23.239305,77.40143,2026-01-04 19:52:00,16.85,4.22,15.01,Market,Park,19,Sunday,1
MP-2026-017,P017,26-35,Tuesday,23.260433,77.395716,2026-01-04 13:31:00,16.59,5.42,19.61,Park,Hospital,13,Sunday,1
MP-2026-017,P017,36-45,Monday,23.257928,77.403959,2026-01-05 04:26:00,16.76,8.92,31.91,Hospital,Market,4,Monday,0
MP-2026-017,P017,26-35,Thursday,23.237892,77.400521,2026-01-04 18:17:00,27.34,3.11,6.82,Market,Park,18,Sunday,1
MP-2026-017,P017,36-45,Thursday,23.258943,77.398017,2026-01-04 16:58:00,36.21,8.54,14.15,Park,Hospital,16,Sunday,1
MP-2026-017,P017,36-45,Wednesday,23.258005,77.412181,2026-01-04 14:01:00,27.38,3.56,7.8,Hospital,Home,14,Sunday,1
MP-2026-017,P017,36-45,Thursday,23.259992,77.403875,2026-01-05 01:20:00,16.52,6.37,23.15,Home,Market,1,Monday,0
MP-2026-017,P017,36-45,Friday,23.261621,77.410513,2026-01-04 18:02:00,15.09,3.43,13.63,Market,Home,18,Sunday,1
MP-2026-017,P017,36-45,Wednesday,23.258242,77.411388,2026-01-05 02:21:00,9.5,5.66,35.74,Home,Bus_Stop,2,Monday,0
MP-2026-017,P017,18-25,Wednesday,23.271349,77.412755,2026-01-05 01:42:00,17.43,9.02,31.06,Bus_Stop,Railway,1,Monday,0
MP-2026-017,P017,36-45,Friday,23.258273,77.410942,2026-01-05 02:37:00,5.12,3.25,38.04,Railway,Bus_Stop,2,Monday,0
MP-2026-017,P017,26-35,Sunday,23.261502,77.404151,2026-01-04 14:31:00,12.52,8.01,38.4,Bus_Stop,Market,14,Sunday,1
MP-2026-017,P017,36-45,Saturday,23.259026,77.412409,2026-01-04 23:37:00,22.09,6.26,17.01,Market,Bus_Stop,23,Sunday,1
MP-2026-017,P017,18-25,Wednesday,23.259646,77.402626,2026-01-04 19:31:00,25.66,16.39,38.34,Bus_Stop,Market,19,Sunday,1
MP-2026-017,P017,26-35,Sunday,23.239247,77.400034,2026-01-04 15:38:00,24.07,4.82,12.02,Market,Park,15,Sunday,1
MP-2026-017,P017,18-25,Tuesday,23.257325,77.404436,2026-01-04 15:01:00,17.96,7.94,26.52,Park,Market,15,Sunday,1
MP-2026-017,P017,26-35,Tuesday,23.269114,77.410227,2026-01-05 03:21:00,18.0,10.46,34.85,Market,Railway,3,Monday,0
MP-2026-017,P017,36-45,Monday,23.259541,77.405767,2026-01-04 19:16:00,16.76,7.43,26.6,Railway,Market,19,Sunday,1
MP-2026-017,P017,36-45,Tuesday,23.260915,77.411576,2026-01-04 18:05:00,28.86,2.41,5.01,Market,Home,18,Sunday,1
MP-2026-017,P017,26-35,Monday,23.215811,77.431818,2026-01-04 16:25:00,33.79,11.8,20.95,Home,College,16,Sunday,1
MP-2026-017,P017,26-35,Sunday,23.260884,77.412039,2026-01-04 16:00:00,19.5,4.32,13.31,College,Home,16,Sunday,1
MP-2026-017,P017,26-35,Wednesday,23.259438,77.396029,2026-01-04 23:09:00,25.97,14.15,32.7,Home,Hospital,23,Sunday,1
MP-2026-017,P017,36-45,Friday,23.258465,77.402885,2026-01-04 14:34:00,8.47,4.37,30.92,Hospital,Market,14,Sunday,1
MP-2026-017,P017,26-35,Friday,23.258133,77.413481,2026-01-04 22:01:00,14.34,4.43,18.55,Market,Home,22,Sunday,1
MP-2026-017,P017,36-45,Friday,23.258931,77.409446,2026-01-05 00:17:00,25.19,9.74,23.19,Home,Bus_Stop,0,Monday,0
MP-2026-017,P017,36-45,Sunday,23.216469,77.433023,2026-01-04 18:48:00,18.89,10.5,33.34,Bus_Stop,College,18,Sunday,1
MP-2026-017,P017,26-35,Monday,23.259268,77.401569,2026-01-05 03:17:00,29.32,14.67,30.02,College,Market,3,Monday,0
MP-2026-017,P017,18-25,Saturday,23.258669,77.39557,2026-01-05 01:15:00,24.65,12.67,30.85,Market,Hospital,1,Monday,0
MP-2026-017,P017,36-45,Tuesday,23.258741,77.403277,2026-01-04 20:47:00,23.25,9.82,25.33,Hospital,Market,20,Sunday,1
MP-2026-017,P017,18-25,Wednesday,23.269879,77.414212,2026-01-04 17:21:00,30.15,6.34,12.62,Market,Railway,17,Sunday,1
MP-2026-017,P017,36-45,Monday,23.260317,77.404571,2026-01-04 21:22:00,19.69,11.04,33.65,Railway,Market,21,Sunday,1
MP-2026-017,P017,36-45,Wednesday,23.236709,77.402203,2026-01-04 16:48:00,39.21,7.38,11.29,Market,Park,16,Sunday,1
MP-2026-017,P017,26-35,Saturday,23.258597,77.412571,2026-01-04 22:46:00,35.37,8.12,13.77,Park,Home,22,Sunday,1
MP-2026-017,P017,18-25,Monday,23.258918,77.402312,2026-01-04 15:16:00,18.52,4.11,13.32,Home,Market,15,Sunday,1
MP-2026-017,P017,26-35,Saturday,23.239217,77.401076,2026-01-04 16:52:00,8.21,1.24,9.04,Market,Park,16,Sunday,1
MP-2026-017,P017,36-45,Friday,23.258009,77.40447,2026-01-05 01:55:00,25.42,15.19,35.86,Park,Market,1,Monday,0
MP-2026-017,P017,18-25,Friday,23.236907,77.40203,2026-01-05 02:03:00,21.08,6.72,19.13,Market,Park,2,Monday,0
MP-2026-018,P018,26-35,Monday,23.258925,77.410175,2026-01-06 00:00:00,16.94,7.68,27.2,Home,Bus_Stop,0,Tuesday,0
MP-2026-018,P018,18-25,Wednesday,23.259396,77.40361,2026-01-06 03:51:00,20.86,9.95,28.62,Bus_Stop,Market,3,Tuesday,0
MP-2026-018,P018,26-35,Saturday,23.259041,77.410492,2026-01-05 16:51:00,14.73,4.01,16.32,Market,Bus_Stop,16,Monday,0
MP-2026-018,P018,26-35,Wednesday,23.260045,77.403676,2026-01-05 22:57:00,22.19,12.57,33.99,Bus_Stop,Market,22,Monday,0
MP-2026-018,P018,26-35,Sunday,23.209536,77.436727,2026-01-05 15:11:00,18.81,10.01,31.94,Market,Mall,15,Monday,0
MP-2026-018,P018,26-35,Saturday,23.258705,77.404536,2026-01-05 16:40:00,13.41,9.09,40.66,Mall,Market,16,Monday,0
MP-2026-018,P018,26-35,Friday,23.259482,77.413796,2026-01-06 04:14:00,18.98,3.1,9.82,Market,Home,4,Tuesday,0
MP-2026-018,P018,26-35,Wednesday,23.259546,77.403921,2026-01-05 14:21:00,23.09,7.22,18.76,Home,Market,14,Monday,0
MP-2026-018,P018,18-25,Sunday,23.259404,77.41277,2026-01-05 13:51:00,12.52,2.89,13.83,Market,Home,13,Monday,0
MP-2026-018,P018,18-25,Sunday,23.258445,77.404465,2026-01-05 21:23:00,9.74,3.23,19.92,Home,Market,21,Monday,0
MP-2026-018,P018,18-25,Wednesday,23.239402,77.400404,2026-01-05 21:11:00,11.27,2.61,13.9,Market,Park,21,Monday,0
MP-2026-018,P018,26-35,Saturday,23.259895,77.413337,2026-01-05 14:18:00,19.32,6.53,20.29,Park,Home,14,Monday,0
MP-2026-018,P018,36-45,Wednesday,23.258694,77.409513,2026-01-05 14:23:00,30.3,12.98,25.7,Home,Bus_Stop,14,Monday,0
MP-2026-018,P018,18-25,Sunday,23.215708,77.432716,2026-01-06 04:15:00,26.2,13.48,30.88,Bus_Stop,College,4,Tuesday,0
MP-2026-018,P018,18-25,Thursday,23.259618,77.412121,2026-01-05 14:23:00,19.74,2.54,7.71,College,Home,14,Monday,0
MP-2026-018,P018,18-25,Thursday,23.21608,77.432199,2026-01-05 21:09:00,21.2,10.22,28.92,Home,College,21,Monday,0
MP-2026-018,P018,36-45,Thursday,23.261371,77.406756,2026-01-05 19:00:00,5.01,2.57,30.71,College,Market,19,Monday,0
MP-2026-018,P018,18-25,Tuesday,23.259578,77.413028,2026-01-06 03:11:00,12.35,2.32,11.26,Market,Home,3,Tuesday,0
MP-2026-018,P018,26-35,Friday,23.216043,77.432204,2026-01-05 20:28:00,7.07,3.7,31.4,Home,College,20,Monday,0
MP-2026-018,P018,36-45,Sunday,23.207487,77.435426,2026-01-05 20:06:00,23.19,6.52,16.88,College,Mall,20,Monday,0
MP-2026-018,P018,36-45,Monday,23.257709,77.402922,2026-01-06 00:57:00,20.31,6.61,19.53,Mall,Market,0,Tuesday,0
MP-2026-018,P018,26-35,Wednesday,23.237524,77.398165,2026-01-05 16:14:00,10.54,4.82,27.43,Market,Park,16,Monday,0
MP-2026-018,P018,36-45,Saturday,23.260171,77.412112,2026-01-06 02:02:00,29.28,6.79,13.92,Park,Home,2,Tuesday,0
MP-2026-018,P018,36-45,Friday,23.258454,77.403575,2026-01-05 16:11:00,26.42,17.15,38.95,Home,Market,16,Monday,0
MP-2026-018,P018,36-45,Sunday,23.260502,77.414925,2026-01-05 13:40:00,19.18,1.73,5.41,Market,Home,13,Monday,0
MP-2026-018,P018,26-35,Wednesday,23.258855,77.403965,2026-01-05 16:15:00,16.79,7.95,28.42,Home,Market,16,Monday,0
MP-2026-018,P018,26-35,Monday,23.23961,77.401683,2026-01-05 16:33:00,13.76,2.67,11.63,Market,Park,16,Monday,0
MP-2026-018,P018,18-25,Sunday,23.259059,77.405594,2026-01-05 23:42:00,11.26,3.78,20.15,Park,Market,23,Monday,0
MP-2026-018,P018,36-45,Saturday,23.269388,77.410768,2026-01-05 18:44:00,13.99,6.24,26.79,Market,Railway,18,Monday,0
MP-2026-018,P018,36-45,Sunday,23.26045,77.410598,2026-01-06 02:22:00,19.83,9.99,30.23,Railway,Bus_Stop,2,Tuesday,0
MP-2026-018,P018,36-45,Sunday,23.258443,77.401515,2026-01-05 23:04:00,18.21,9.37,30.86,Bus_Stop,Market,23,Monday,0
MP-2026-018,P018,26-35,Friday,23.268717,77.41122,2026-01-05 17:40:00,5.0,2.76,33.16,Market,Railway,17,Monday,0
MP-2026-018,P018,26-35,Saturday,23.260502,77.405099,2026-01-06 03:19:00,19.17,10.35,32.39,Railway,Market,3,Tuesday,0
MP-2026-018,P018,18-25,Friday,23.240835,77.402136,2026-01-05 20:30:00,29.11,4.71,9.7,Market,Park,20,Monday,0
MP-2026-018,P018,26-35,Friday,23.26033,77.40621,2026-01-06 01:10:00,13.5,7.89,35.06,Park,Market,1,Tuesday,0
MP-2026-018,P018,36-45,Saturday,23.238623,77.401976,2026-01-05 16:29:00,20.76,3.01,8.69,Market,Park,16,Monday,0
MP-2026-018,P018,36-45,Friday,23.258589,77.407652,2026-01-05 20:18:00,20.11,6.45,19.25,Park,Market,20,Monday,0
MP-2026-018,P018,36-45,Friday,23.269346,77.411712,2026-01-06 04:51:00,28.35,17.96,38.01,Market,Railway,4,Tuesday,0
MP-2026-018,P018,36-45,Thursday,23.257167,77.412393,2026-01-05 22:17:00,34.41,13.78,24.03,Railway,Bus_Stop,22,Monday,0
MP-2026-018,P018,18-25,Monday,23.266626,77.410148,2026-01-05 16:03:00,30.41,13.49,26.61,Bus_Stop,Railway,16,Monday,0
MP-2026-018,P018,26-35,Monday,23.259259,77.413111,2026-01-05 15:23:00,16.3,3.24,11.93,Railway,Home,15,Monday,0
MP-2026-018,P018,18-25,Thursday,23.259346,77.405477,2026-01-05 20:08:00,30.76,17.48,34.09,Home,Market,20,Monday,0
MP-2026-018,P018,18-25,Thursday,23.262865,77.411974,2026-01-05 17:37:00,10.58,0.55,3.12,Market,Home,17,Monday,0
MP-2026-018,P018,26-35,Tuesday,23.216442,77.430919,2026-01-06 01:23:00,15.67,10.08,38.61,Home,College,1,Tuesday,0
MP-2026-018,P018,36-45,Friday,23.258317,77.404303,2026-01-06 01:39:00,21.1,8.09,23.02,College,Market,1,Tuesday,0
MP-2026-018,P018,26-35,Wednesday,23.269823,77.412826,2026-01-05 21:44:00,20.27,5.55,16.44,Market,Railway,21,Monday,0
MP-2026-018,P018,18-25,Friday,23.260133,77.412061,2026-01-06 01:21:00,16.34,9.54,35.01,Railway,Bus_Stop,1,Tuesday,0
MP-2026-018,P018,26-35,Thursday,23.216189,77.430388,2026-01-06 03:37:00,17.4,10.12,34.88,Bus_Stop,College,3,Tuesday,0
MP-2026-018,P018,18-25,Thursday,23.259373,77.412207,2026-01-06 03:06:00,23.89,3.12,7.82,College,Home,3,Tuesday,0
MP-2026-018,P018,26-35,Thursday,23.259329,77.409375,2026-01-06 00:43:00,24.83,16.06,38.81,Home,Bus_Stop,0,Tuesday,0
MP-2026-018,P018,36-45,Monday,23.258601,77.403389,2026-01-06 01:19:00,13.82,4.0,17.38,Bus_Stop,Market,1,Tuesday,0
MP-2026-018,P018,36-45,Wednesday,23.260888,77.413735,2026-01-05 14:34:00,21.35,3.2,9.0,Market,Home,14,Monday,0
MP-2026-018,P018,18-25,Friday,23.260282,77.402325,2026-01-06 03:30:00,20.41,7.5,22.06,Home,Market,3,Tuesday,0
MP-2026-018,P018,26-35,Wednesday,23.239441,77.401252,2026-01-05 15:25:00,29.87,5.89,11.83,Market,Park,15,Monday,0
MP-2026-018,P018,18-25,Wednesday,23.258175,77.39752,2026-01-05 15:01:00,18.5,5.26,17.05,Park,Hospital,15,Monday,0
MP-2026-018,P018,26-35,Sunday,23.239963,77.403138,2026-01-06 01:32:00,18.3,2.31,7.58,Hospital,Park,1,Tuesday,0
MP-2026-018,P018,18-25,Friday,23.259073,77.403908,2026-01-05 13:51:00,26.78,14.48,32.45,Park,Market,13,Monday,0
MP-2026-018,P018,18-25,Friday,23.26011,77.415098,2026-01-05 13:28:00,28.44,1.68,3.54,Market,Home,13,Monday,0
MP-2026-018,P018,36-45,Friday,23.259419,77.410711,2026-01-05 13:33:00,29.8,15.05,30.3,Home,Bus_Stop,13,Monday,0
MP-2026-018,P018,18-25,Tuesday,23.25605,77.402823,2026-01-05 18:41:00,20.62,9.74,28.34,Bus_Stop,Market,18,Monday,0
MP-2026-018,P018,26-35,Saturday,23.23842,77.4003,2026-01-05 17:00:00,22.67,3.7,9.78,Market,Park,17,Monday,0
MP-2026-018,P018,36-45,Tuesday,23.260175,77.396871,2026-01-05 13:12:00,18.23,12.84,42.26,Park,Hospital,13,Monday,0
MP-2026-018,P018,26-35,Wednesday,23.259563,77.412748,2026-01-05 20:53:00,25.26,2.64,6.27,Hospital,Home,20,Monday,0
MP-2026-018,P018,36-45,Thursday,23.259757,77.4057,2026-01-05 19:30:00,5.0,2.44,29.23,Home,Market,19,Monday,0
MP-2026-018,P018,18-25,Saturday,23.259802,77.413218,2026-01-05 23:09:00,10.8,2.01,11.16,Market,Home,23,Monday,0
MP-2026-018,P018,26-35,Friday,23.216059,77.43145,2026-01-05 16:57:00,16.2,5.57,20.63,Home,College,16,Monday,0
MP-2026-018,P018,18-25,Sunday,23.207308,77.435768,2026-01-05 23:50:00,5.0,3.2,38.38,College,Mall,23,Monday,0
MP-2026-018,P018,26-35,Monday,23.260162,77.414355,2026-01-05 17:00:00,10.34,1.63,9.47,Mall,Home,17,Monday,0
MP-2026-018,P018,36-45,Saturday,23.258792,77.411767,2026-01-06 03:05:00,15.31,8.22,32.22,Home,Bus_Stop,3,Tuesday,0
MP-2026-018,P018,36-45,Monday,23.271428,77.411804,2026-01-05 17:02:00,29.8,12.94,26.06,Bus_Stop,Railway,17,Monday,0
MP-2026-018,P018,26-35,Saturday,23.2614,77.402735,2026-01-06 00:16:00,21.79,6.56,18.06,Railway,Market,0,Tuesday,0
MP-2026-018,P018,26-35,Sunday,23.237367,77.3997,2026-01-05 20:18:00,12.73,2.33,10.98,Market,Park,20,Monday,0
MP-2026-018,P018,36-45,Tuesday,23.259481,77.395823,2026-01-06 00:02:00,24.53,10.49,25.66,Park,Hospital,0,Tuesday,0
MP-2026-018,P018,18-25,Thursday,23.240646,77.403257,2026-01-05 21:25:00,21.71,4.36,12.04,Hospital,Park,21,Monday,0
MP-2026-018,P018,26-35,Sunday,23.258977,77.413554,2026-01-05 23:59:00,5.0,1.17,14.1,Park,Home,23,Monday,0
MP-2026-018,P018,36-45,Wednesday,23.215167,77.430316,2026-01-05 14:22:00,33.15,9.88,17.88,Home,College,14,Monday,0
MP-2026-018,P018,26-35,Wednesday,23.260579,77.403762,2026-01-06 03:27:00,9.8,6.0,36.72,College,Market,3,Tuesday,0
MP-2026-018,P018,36-45,Thursday,23.261014,77.412684,2026-01-05 21:46:00,28.21,6.77,14.39,Market,Home,21,Monday,0
MP-2026-018,P018,18-25,Thursday,23.216402,77.43409,2026-01-05 20:58:00,20.7,8.7,25.23,Home,College,20,Monday,0
MP-2026-018,P018,18-25,Tuesday,23.207113,77.438985,2026-01-05 18:40:00,19.67,10.13,30.89,College,Mall,18,Monday,0
MP-2026-019,P019,18-25,Monday,23.258495,77.402203,2026-01-06 15:45:00,25.05,7.8,18.67,Home,Market,15,Tuesday,0
MP-2026-019,P019,36-45,Monday,23.260295,77.411497,2026-01-07 04:05:00,11.61,2.49,12.87,Market,Home,4,Wednesday,0
MP-2026-019,P019,18-25,Sunday,23.260386,77.403777,2026-01-07 03:37:00,17.81,9.89,33.31,Home,Market,3,Wednesday,0
MP-2026-019,P019,26-35,Wednesday,23.269648,77.413674,2026-01-07 02:13:00,13.04,5.69,26.18,Market,Railway,2,Wednesday,0
MP-2026-019,P019,26-35,Saturday,23.262219,77.403207,2026-01-07 04:49:00,24.37,13.04,32.11,Railway,Market,4,Wednesday,0
MP-2026-019,P019,18-25,Monday,23.269917,77.411059,2026-01-06 17:02:00,24.57,9.28,22.68,Market,Railway,17,Tuesday,0
MP-2026-019,P019,26-35,Wednesday,23.259171,77.408625,2026-01-07 03:09:00,32.81,16.8,30.73,Railway,Bus_Stop,3,Wednesday,0
MP-2026-019,P019,26-35,Sunday,23.258345,77.403376,2026-01-06 13:54:00,8.86,3.1,21.01,Bus_Stop,Market,13,Tuesday,0
MP-2026-019,P019,36-45,Wednesday,23.270647,77.411607,2026-01-06 17:51:00,33.82,14.46,25.65,Market,Railway,17,Tuesday,0
MP-2026-019,P019,26-35,Saturday,23.29455241029641,77.43412222751965,2026-01-07 03:00:00,9.81,1.91,80.01331871540432,Railway,Home,3,Wednesday,0
MP-2026-019,P019,26-35,Sunday,23.214959,77.432111,2026-01-07 00:43:00,26.49,10.61,24.03,Home,College,0,Wednesday,0
MP-2026-019,P019,18-25,Friday,23.260467,77.401998,2026-01-07 03:05:00,20.97,11.82,33.82,College,Market,3,Wednesday,0
MP-2026-019,P019,36-45,Thursday,23.238556,77.400398,2026-01-07 03:33:00,11.23,3.08,16.44,Market,Park,3,Wednesday,0
MP-2026-019,P019,26-35,Saturday,23.262175,77.41242,2026-01-07 04:58:00,17.85,1.4,4.69,Park,Home,4,Wednesday,0
MP-2026-019,P019,26-35,Tuesday,23.25774,77.403451,2026-01-07 00:34:00,5.0,2.07,24.84,Home,Market,0,Wednesday,0
MP-2026-019,P019,36-45,Friday,23.239789,77.402146,2026-01-06 22:00:00,18.28,4.71,15.47,Market,Park,22,Tuesday,0
MP-2026-019,P019,18-25,Saturday,23.258844,77.403545,2026-01-07 02:23:00,18.73,12.58,40.3,Park,Market,2,Wednesday,0
MP-2026-019,P019,18-25,Saturday,23.270315,77.411242,2026-01-06 22:34:00,14.15,6.75,28.61,Market,Railway,22,Tuesday,0
MP-2026-019,P019,26-35,Tuesday,23.259555,77.413798,2026-01-07 00:22:00,28.31,3.5,7.42,Railway,Home,0,Wednesday,0
MP-2026-019,P019,36-45,Friday,23.259897,77.411915,2026-01-06 19:44:00,25.54,10.15,23.85,Home,Bus_Stop,19,Tuesday,0
MP-2026-019,P019,36-45,Monday,23.269692,77.412812,2026-01-06 16:33:00,24.6,11.89,29.0,Bus_Stop,Railway,16,Tuesday,0
MP-2026-019,P019,36-45,Thursday,23.257208,77.409638,2026-01-06 14:26:00,18.83,8.41,26.8,Railway,Bus_Stop,14,Tuesday,0
MP-2026-019,P019,26-35,Tuesday,23.260278,77.406735,2026-01-06 22:48:00,18.92,8.09,25.65,Bus_Stop,Market,22,Tuesday,0
MP-2026-019,P019,26-35,Friday,23.260282,77.414894,2026-01-06 23:12:00,17.13,5.03,17.63,Market,Home,23,Tuesday,0
MP-2026-019,P019,18-25,Monday,23.216659,77.434512,2026-01-06 17:43:00,11.25,4.57,24.37,Home,College,17,Tuesday,0
MP-2026-019,P019,18-25,Saturday,23.260438,77.404017,2026-01-06 18:48:00,18.4,7.24,23.6,College,Market,18,Tuesday,0
MP-2026-019,P019,26-35,Sunday,23.267006,77.412737,2026-01-06 17:16:00,18.44,8.61,28.03,Market,Railway,17,Tuesday,0
MP-2026-019,P019,26-35,Wednesday,23.260189,77.410747,2026-01-06 18:29:00,22.14,5.55,15.05,Railway,Home,18,Tuesday,0
MP-2026-019,P019,26-35,Tuesday,23.214791,77.432253,2026-01-06 14:33:00,15.3,6.05,23.74,Home,College,14,Tuesday,0
MP-2026-019,P019,26-35,Sunday,23.258829,77.405109,2026-01-06 15:32:00,14.73,9.65,39.32,College,Market,15,Tuesday,0
MP-2026-019,P019,18-25,Monday,23.240391,77.400692,2026-01-06 21:26:00,21.58,4.82,13.41,Market,Park,21,Tuesday,0
MP-2026-019,P019,36-45,Saturday,23.260075,77.412694,2026-01-07 01:18:00,11.61,0.39,2.0,Park,Home,1,Wednesday,0
MP-2026-019,P019,26-35,Saturday,23.215672,77.429871,2026-01-06 20:07:00,21.45,9.95,27.82,Home,College,20,Tuesday,0
MP-2026-019,P019,36-45,Wednesday,23.206179,77.436149,2026-01-06 20:30:00,14.03,7.51,32.11,College,Mall,20,Tuesday,0
MP-2026-019,P019,26-35,Saturday,23.214414,77.430999,2026-01-06 15:18:00,9.27,4.53,29.29,Mall,College,15,Tuesday,0
MP-2026-019,P019,26-35,Friday,23.258738,77.411986,2026-01-06 20:25:00,22.39,0.98,2.63,College,Home,20,Tuesday,0
MP-2026-019,P019,18-25,Sunday,23.215805,77.431264,2026-01-06 17:19:00,20.57,10.97,31.99,Home,College,17,Tuesday,0
MP-2026-019,P019,18-25,Tuesday,23.260686,77.412502,2026-01-06 15:54:00,30.4,2.02,3.98,College,Home,15,Tuesday,0
MP-2026-019,P019,26-35,Friday,23.260497,77.404163,2026-01-07 03:53:00,37.26,20.27,32.63,Home,Market,3,Wednesday,0
MP-2026-019,P019,26-35,Wednesday,23.239402,77.399991,2026-01-06 17:47:00,16.82,2.25,8.03,Market,Park,17,Tuesday,0
MP-2026-019,P019,26-35,Friday,23.261483,77.396464,2026-01-07 04:56:00,10.45,6.03,34.62,Park,Hospital,4,Wednesday,0
MP-2026-019,P019,36-45,Friday,23.258988,77.403217,2026-01-06 21:34:00,19.31,9.53,29.6,Hospital,Market,21,Tuesday,0
MP-2026-019,P019,26-35,Saturday,23.259609,77.413869,2026-01-06 22:12:00,26.52,3.08,6.96,Market,Home,22,Tuesday,0
MP-2026-019,P019,18-25,Thursday,23.258025,77.410324,2026-01-06 21:07:00,23.84,6.15,15.47,Home,Bus_Stop,21,Tuesday,0
MP-2026-019,P019,26-35,Wednesday,23.259872,77.403894,2026-01-06 17:51:00,25.82,8.7,20.22,Bus_Stop,Market,17,Tuesday,0
MP-2026-019,P019,26-35,Friday,23.266596,77.411918,2026-01-06 14:01:00,26.53,16.32,36.92,Market,Railway,14,Tuesday,0
MP-2026-019,P019,26-35,Tuesday,23.258963,77.415254,2026-01-07 03:40:00,25.25,8.01,19.02,Railway,Home,3,Wednesday,0
MP-2026-019,P019,36-45,Friday,23.257039,77.401509,2026-01-06 23:12:00,23.3,7.59,19.54,Home,Market,23,Tuesday,0
MP-2026-019,P019,36-45,Monday,23.268234,77.411738,2026-01-06 13:11:00,42.41,14.41,20.38,Market,Railway,13,Tuesday,0
MP-2026-019,P019,26-35,Sunday,23.259601,77.408691,2026-01-06 16:54:00,8.45,6.24,44.26,Railway,Bus_Stop,16,Tuesday,0
MP-2026-019,P019,36-45,Friday,23.259478,77.403556,2026-01-06 17:25:00,19.38,7.22,22.35,Bus_Stop,Market,17,Tuesday,0
MP-2026-019,P019,26-35,Friday,23.268247,77.411418,2026-01-06 17:01:00,12.02,6.95,34.72,Market,Railway,17,Tuesday,0
MP-2026-019,P019,18-25,Friday,23.260668,77.411381,2026-01-06 22:21:00,19.91,3.35,10.1,Railway,Home,22,Tuesday,0
MP-2026-019,P019,26-35,Tuesday,23.215382,77.429075,2026-01-06 18:29:00,31.01,12.51,24.2,Home,College,18,Tuesday,0
MP-2026-019,P019,26-35,Tuesday,23.258053,77.404885,2026-01-06 20:38:00,5.0,3.08,36.97,College,Market,20,Tuesday,0
MP-2026-019,P019,36-45,Wednesday,23.270671,77.412862,2026-01-07 04:12:00,17.72,10.74,36.39,Market,Railway,4,Wednesday,0
MP-2026-019,P019,26-35,Thursday,23.258417,77.402669,2026-01-07 02:20:00,34.48,19.84,34.52,Railway,Market,2,Wednesday,0
MP-2026-019,P019,18-25,Monday,23.239208,77.398733,2026-01-06 23:12:00,5.0,0.88,10.54,Market,Park,23,Tuesday,0
MP-2026-019,P019,26-35,Sunday,23.261183,77.41235,2026-01-06 20:30:00,18.55,3.36,10.88,Park,Home,20,Tuesday,0
MP-2026-019,P019,18-25,Sunday,23.258265,77.408667,2026-01-06 19:45:00,14.06,5.71,24.34,Home,Bus_Stop,19,Tuesday,0
MP-2026-019,P019,36-45,Monday,23.217224,77.431454,2026-01-06 20:20:00,23.41,11.47,29.41,Bus_Stop,College,20,Tuesday,0
MP-2026-019,P019,26-35,Tuesday,23.262235,77.41336,2026-01-07 02:26:00,29.35,1.05,2.15,College,Home,2,Wednesday,0
MP-2026-019,P019,36-45,Monday,23.259722,77.411598,2026-01-07 02:24:00,39.43,10.98,16.7,Home,Bus_Stop,2,Wednesday,0
MP-2026-019,P019,26-35,Friday,23.269799,77.413114,2026-01-06 19:35:00,16.76,7.5,26.83,Bus_Stop,Railway,19,Tuesday,0
MP-2026-019,P019,36-45,Friday,23.257107,77.40298,2026-01-06 19:29:00,9.05,3.5,23.17,Railway,Market,19,Tuesday,0
MP-2026-019,P019,18-25,Monday,23.26083,77.412989,2026-01-06 16:36:00,25.91,3.47,8.04,Market,Home,16,Tuesday,0
MP-2026-019,P019,26-35,Thursday,23.216357,77.431292,2026-01-06 19:36:00,14.35,7.68,32.12,Home,College,19,Tuesday,0
MP-2026-019,P019,26-35,Wednesday,23.26131,77.415139,2026-01-06 23:54:00,16.96,0.57,2.0,College,Home,23,Tuesday,0
MP-2026-019,P019,36-45,Tuesday,23.256889,77.411448,2026-01-07 04:22:00,33.87,19.87,35.21,Home,Bus_Stop,4,Wednesday,0
MP-2026-019,P019,18-25,Monday,23.259708,77.410861,2026-01-07 02:33:00,6.2,2.06,19.89,Bus_Stop,Bus_Stop,2,Wednesday,0
MP-2026-019,P019,36-45,Wednesday,23.268679,77.411686,2026-01-07 02:11:00,11.13,2.22,11.96,Bus_Stop,Railway,2,Wednesday,0
MP-2026-019,P019,18-25,Sunday,23.258897,77.409875,2026-01-06 13:39:00,13.71,7.42,32.45,Railway,Bus_Stop,13,Tuesday,0
MP-2026-019,P019,18-25,Thursday,23.258505,77.402254,2026-01-07 04:55:00,25.86,11.08,25.71,Bus_Stop,Market,4,Wednesday,0
MP-2026-019,P019,36-45,Tuesday,23.238682,77.39987,2026-01-07 00:51:00,15.81,2.6,9.87,Market,Park,0,Wednesday,0
MP-2026-019,P019,36-45,Saturday,23.260248,77.41305,2026-01-07 02:25:00,21.02,2.21,6.32,Park,Home,2,Wednesday,0
MP-2026-019,P019,26-35,Wednesday,23.25949,77.402916,2026-01-06 20:03:00,25.05,13.03,31.2,Home,Market,20,Tuesday,0
MP-2026-019,P019,26-35,Tuesday,23.238061,77.401369,2026-01-06 18:47:00,18.83,0.63,2.0,Market,Park,18,Tuesday,0
MP-2026-019,P019,18-25,Thursday,23.261893,77.39726,2026-01-07 00:47:00,30.9,21.85,42.42,Park,Hospital,0,Wednesday,0
MP-2026-019,P019,26-35,Tuesday,23.239645,77.399288,2026-01-07 02:41:00,19.35,5.61,17.4,Hospital,Park,2,Wednesday,0
MP-2026-019,P019,26-35,Tuesday,23.260017,77.404964,2026-01-06 19:06:00,29.97,15.68,31.38,Park,Market,19,Tuesday,0
MP-2026-020,P020,26-35,Friday,23.256715,77.403421,2026-01-07 23:16:00,21.61,10.58,29.38,Home,Market,23,Wednesday,0
MP-2026-020,P020,36-45,Saturday,23.268145,77.408988,2026-01-08 03:56:00,13.73,3.08,13.46,Market,Railway,3,Thursday,0
MP-2026-020,P020,18-25,Wednesday,23.258731,77.41171,2026-01-08 03:14:00,21.62,3.84,10.67,Railway,Home,3,Thursday,0
MP-2026-020,P020,26-35,Wednesday,23.257728,77.41157,2026-01-08 03:22:00,23.29,10.86,27.97,Home,Bus_Stop,3,Thursday,0
MP-2026-020,P020,36-45,Tuesday,23.258775,77.403727,2026-01-07 18:07:00,19.26,9.28,28.91,Bus_Stop,Market,18,Wednesday,0
MP-2026-020,P020,18-25,Friday,23.23793,77.401865,2026-01-07 18:35:00,15.24,1.56,6.16,Market,Park,18,Wednesday,0
MP-2026-020,P020,18-25,Friday,23.260722,77.413661,2026-01-08 01:53:00,18.34,2.24,7.33,Park,Home,1,Thursday,0
MP-2026-020,P020,36-45,Saturday,23.260095,77.411582,2026-01-08 04:42:00,16.91,7.49,26.57,Home,Bus_Stop,4,Thursday,0
MP-2026-020,P020,36-45,Friday,23.260607,77.403975,2026-01-07 13:22:00,13.42,4.0,17.9,Bus_Stop,Market,13,Wednesday,0
MP-2026-020,P020,18-25,Wednesday,23.259046,77.413314,2026-01-08 01:48:00,25.32,5.89,13.97,Market,Home,1,Thursday,0
MP-2026-020,P020,18-25,Monday,23.217303,77.42966,2026-01-07 15:16:00,12.84,4.54,21.2,Home,College,15,Wednesday,0
MP-2026-020,P020,26-35,Tuesday,23.259344,77.402864,2026-01-08 01:49:00,13.14,7.49,34.21,College,Market,1,Thursday,0
MP-2026-020,P020,36-45,Saturday,23.240612,77.400848,2026-01-07 22:30:00,14.5,0.48,2.0,Market,Park,22,Wednesday,0
MP-2026-020,P020,26-35,Wednesday,23.256594,77.395641,2026-01-07 21:15:00,15.51,8.95,34.64,Park,Hospital,21,Wednesday,0
MP-2026-020,P020,36-45,Saturday,23.257645111040695,77.41838324917752,2026-01-07 16:28:00,14.43,2.5,81.74902781711191,Hospital,Park,16,Wednesday,0
MP-2026-020,P020,36-45,Monday,23.262838,77.397954,2026-01-08 02:48:00,18.6,6.56,21.15,Park,Hospital,2,Thursday,0
MP-2026-020,P020,18-25,Wednesday,23.259845,77.412819,2026-01-07 19:18:00,24.24,6.22,15.41,Hospital,Home,19,Wednesday,0
MP-2026-020,P020,18-25,Wednesday,23.257968,77.411211,2026-01-07 21:20:00,22.67,7.6,20.12,Home,Bus_Stop,21,Wednesday,0
MP-2026-020,P020,18-25,Friday,23.270297,77.413466,2026-01-08 01:55:00,25.59,10.4,24.38,Bus_Stop,Railway,1,Thursday,0
MP-2026-020,P020,18-25,Friday,23.28887615417809,77.44427700143622,2026-01-08 01:00:00,36.96,7.79,97.18405656670588,Railway,Home,1,Thursday,0
MP-2026-020,P020,36-45,Sunday,23.260272,77.409094,2026-01-07 18:34:00,9.87,1.18,7.19,Home,Bus_Stop,18,Wednesday,0
MP-2026-020,P020,26-35,Friday,23.259286,77.404706,2026-01-07 18:08:00,11.79,6.38,32.45,Bus_Stop,Market,18,Wednesday,0
MP-2026-020,P020,26-35,Tuesday,23.270244,77.412965,2026-01-08 04:32:00,16.15,7.28,27.04,Market,Railway,4,Thursday,0
MP-2026-020,P020,26-35,Monday,23.259537,77.405419,2026-01-08 01:28:00,22.4,4.33,11.6,Railway,Market,1,Thursday,0
MP-2026-020,P020,36-45,Monday,23.260576,77.412078,2026-01-07 18:44:00,21.56,5.97,16.61,Market,Home,18,Wednesday,0
MP-2026-020,P020,26-35,Saturday,23.215945,77.432192,2026-01-08 04:30:00,16.62,6.6,23.84,Home,College,4,Thursday,0
MP-2026-020,P020,36-45,Monday,23.204398,77.438355,2026-01-08 04:24:00,23.46,7.72,19.75,College,Mall,4,Thursday,0
MP-2026-020,P020,36-45,Tuesday,23.215014,77.431681,2026-01-08 01:29:00,18.97,9.31,29.45,Mall,College,1,Thursday,0
MP-2026-020,P020,18-25,Saturday,23.259551,77.404953,2026-01-07 23:59:00,14.98,7.61,30.47,College,Market,23,Wednesday,0
MP-2026-020,P020,26-35,Thursday,23.237485,77.399302,2026-01-07 20:22:00,15.22,4.7,18.52,Market,Park,20,Wednesday,0
MP-2026-020,P020,36-45,Thursday,23.259785,77.402582,2026-01-07 18:26:00,25.73,11.13,25.97,Park,Market,18,Wednesday,0
MP-2026-020,P020,36-45,Friday,23.270097,77.411079,2026-01-07 13:42:00,21.84,9.3,25.54,Market,Railway,13,Wednesday,0
MP-2026-020,P020,18-25,Friday,23.258563,77.41102,2026-01-07 15:06:00,17.12,6.72,23.56,Railway,Bus_Stop,15,Wednesday,0
MP-2026-020,P020,26-35,Monday,23.258393,77.40264,2026-01-08 03:02:00,18.82,10.56,33.65,Bus_Stop,Market,3,Thursday,0
MP-2026-020,P020,26-35,Friday,23.257791,77.412626,2026-01-07 14:22:00,25.15,6.71,16.02,Market,Home,14,Wednesday,0
MP-2026-020,P020,18-25,Friday,23.216592,77.431106,2026-01-07 22:46:00,17.29,8.69,30.16,Home,College,22,Wednesday,0
MP-2026-020,P020,18-25,Tuesday,23.205929,77.44076,2026-01-07 22:22:00,10.05,4.53,27.05,College,Mall,22,Wednesday,0
MP-2026-020,P020,26-35,Friday,23.214647,77.429884,2026-01-07 21:59:00,20.7,9.46,27.42,Mall,College,21,Wednesday,0
MP-2026-020,P020,18-25,Saturday,23.260353,77.411361,2026-01-07 23:08:00,11.53,1.18,6.13,College,Home,23,Wednesday,0
MP-2026-020,P020,36-45,Sunday,23.260146,77.411886,2026-01-07 21:36:00,5.0,2.66,31.94,Home,Bus_Stop,21,Wednesday,0
MP-2026-020,P020,36-45,Friday,23.260588,77.40396,2026-01-07 13:55:00,24.23,11.35,28.11,Bus_Stop,Market,13,Wednesday,0
MP-2026-020,P020,26-35,Sunday,23.270854,77.411864,2026-01-07 18:31:00,21.49,6.75,18.85,Market,Railway,18,Wednesday,0
MP-2026-020,P020,26-35,Monday,23.214902,77.433255,2026-01-07 21:34:00,9.05,5.83,38.67,Railway,College,21,Wednesday,0
MP-2026-020,P020,26-35,Wednesday,23.207512,77.435872,2026-01-08 01:03:00,24.27,5.97,14.76,College,Mall,1,Thursday,0
MP-2026-020,P020,36-45,Thursday,23.215978,77.432749,2026-01-08 04:01:00,11.31,3.94,20.87,Mall,College,4,Thursday,0
MP-2026-020,P020,18-25,Thursday,23.260102,77.402359,2026-01-07 15:13:00,5.0,2.25,27.05,College,Market,15,Wednesday,0
MP-2026-020,P020,36-45,Friday,23.276859272880177,77.43879885562808,2026-01-07 18:09:00,18.62,3.23,82.133191707872,Market,Home,18,Wednesday,0
MP-2026-020,P020,26-35,Saturday,23.256929,77.410243,2026-01-08 01:03:00,33.01,15.92,28.94,Home,Bus_Stop,1,Thursday,0
MP-2026-020,P020,36-45,Saturday,23.257754,77.405335,2026-01-08 04:29:00,16.84,8.19,29.18,Bus_Stop,Market,4,Thursday,0
MP-2026-020,P020,18-25,Sunday,23.257569,77.415432,2026-01-07 23:37:00,29.66,9.85,19.92,Market,Home,23,Wednesday,0
MP-2026-020,P020,36-45,Wednesday,23.215093,77.431677,2026-01-07 19:03:00,16.18,9.26,34.33,Home,College,19,Wednesday,0
MP-2026-020,P020,36-45,Monday,23.206822,77.436382,2026-01-07 13:17:00,16.4,1.19,4.37,College,Mall,13,Wednesday,0
MP-2026-020,P020,18-25,Saturday,23.215833,77.431724,2026-01-08 03:54:00,17.05,7.03,24.73,Mall,College,3,Thursday,0
MP-2026-020,P020,26-35,Sunday,23.20601,77.436708,2026-01-07 23:39:00,26.8,11.42,25.58,College,Mall,23,Wednesday,0
MP-2026-020,P020,18-25,Thursday,23.259886,77.411292,2026-01-07 16:42:00,22.09,2.36,6.4,Mall,Home,16,Wednesday,0
MP-2026-020,P020,36-45,Tuesday,23.257199,77.404275,2026-01-08 03:16:00,20.45,10.42,30.57,Home,Market,3,Thursday,0
MP-2026-020,P020,36-45,Saturday,23.261225,77.412447,2026-01-08 01:12:00,27.66,3.69,8.0,Market,Home,1,Thursday,0
MP-2026-020,P020,36-45,Wednesday,23.259882,77.410925,2026-01-07 20:16:00,17.56,10.56,36.09,Home,Bus_Stop,20,Wednesday,0
MP-2026-020,P020,36-45,Friday,23.271141,77.416024,2026-01-07 22:48:00,15.29,7.67,30.12,Bus_Stop,Railway,22,Wednesday,0
MP-2026-020,P020,26-35,Thursday,23.259258,77.41227,2026-01-07 16:09:00,18.65,5.54,17.84,Railway,Bus_Stop,16,Wednesday,0
MP-2026-020,P020,36-45,Sunday,23.271861,77.411839,2026-01-08 02:06:00,23.83,3.6,9.06,Bus_Stop,Railway,2,Thursday,0
MP-2026-020,P020,26-35,Friday,23.259509,77.404525,2026-01-07 20:11:00,19.23,9.45,29.5,Railway,Market,20,Wednesday,0
MP-2026-020,P020,36-45,Wednesday,23.269713,77.413706,2026-01-07 13:47:00,16.12,6.41,23.88,Market,Railway,13,Wednesday,0
MP-2026-020,P020,18-25,Thursday,23.259002,77.401675,2026-01-07 18:12:00,11.49,4.75,24.78,Railway,Market,18,Wednesday,0
MP-2026-020,P020,36-45,Saturday,23.271599,77.412916,2026-01-07 22:40:00,23.8,15.57,39.24,Market,Railway,22,Wednesday,0
MP-2026-020,P020,18-25,Wednesday,23.258138,77.40494,2026-01-07 15:22:00,24.65,13.55,32.99,Railway,Market,15,Wednesday,0
MP-2026-020,P020,18-25,Friday,23.259796,77.41194,2026-01-07 21:21:00,5.14,0.17,2.0,Market,Home,21,Wednesday,0
MP-2026-020,P020,26-35,Saturday,23.258071,77.40983,2026-01-07 13:30:00,9.07,3.68,24.33,Home,Bus_Stop,13,Wednesday,0
MP-2026-020,P020,36-45,Saturday,23.268815,77.413061,2026-01-07 16:51:00,34.67,20.94,36.24,Bus_Stop,Railway,16,Wednesday,0
MP-2026-020,P020,36-45,Wednesday,23.257264,77.402902,2026-01-08 03:57:00,16.42,7.09,25.9,Railway,Market,3,Thursday,0
MP-2026-020,P020,26-35,Thursday,23.20585,77.436941,2026-01-07 20:25:00,29.46,17.18,34.99,Market,Mall,20,Wednesday,0
MP-2026-020,P020,18-25,Wednesday,23.260469,77.413601,2026-01-07 14:06:00,7.54,1.72,13.71,Mall,Home,14,Wednesday,0
MP-2026-020,P020,36-45,Thursday,23.259158,77.411892,2026-01-08 04:35:00,13.52,7.66,34.01,Home,Bus_Stop,4,Thursday,0
MP-2026-020,P020,36-45,Thursday,23.259496,77.403493,2026-01-07 22:31:00,18.67,8.97,28.82,Bus_Stop,Market,22,Wednesday,0
MP-2026-020,P020,18-25,Sunday,23.26006,77.413411,2026-01-07 19:04:00,17.73,3.51,11.87,Market,Home,19,Wednesday,0
MP-2026-020,P020,36-45,Thursday,23.216804,77.430916,2026-01-07 20:50:00,30.53,15.32,30.11,Home,College,20,Wednesday,0
MP-2026-020,P020,18-25,Monday,23.206806,77.435891,2026-01-07 16:47:00,9.92,5.45,33.0,College,Mall,16,Wednesday,0
MP-2026-020,P020,26-35,Sunday,23.25918,77.405759,2026-01-07 17:42:00,16.35,7.84,28.78,Mall,Market,17,Wednesday,0
MP-2026-020,P020,26-35,Friday,23.23729,77.401646,2026-01-08 04:52:00,26.09,8.58,19.73,Market,Park,4,Thursday,0
MP-2026-020,P020,36-45,Friday,23.214304,77.432201,2026-01-08 03:12:00,19.02,13.97,44.07,Park,College,3,Thursday,0
MP-2026-021,P021,36-45,Sunday,23.215668,77.431331,2026-01-02 01:39:00,25.19,11.09,26.41,Home,College,1,Friday,0
MP-2026-021,P021,18-25,Saturday,23.204966,77.43562,2026-01-02 01:35:00,17.96,8.88,29.67,College,Mall,1,Friday,0
MP-2026-021,P021,36-45,Thursday,23.262724,77.403716,2026-01-02 02:14:00,19.78,10.34,31.35,Mall,Market,2,Friday,0
MP-2026-021,P021,26-35,Friday,23.261893,77.414107,2026-01-01 14:21:00,18.61,1.89,6.09,Market,Home,14,Thursday,0
MP-2026-021,P021,18-25,Wednesday,23.257161,77.409194,2026-01-02 03:36:00,23.3,7.12,18.34,Home,Bus_Stop,3,Friday,0
MP-2026-021,P021,18-25,Monday,23.216799,77.4355,2026-01-01 15:33:00,11.42,5.01,26.31,Bus_Stop,College,15,Thursday,0
MP-2026-021,P021,18-25,Saturday,23.260057,77.41219,2026-01-01 17:42:00,23.78,4.65,11.74,College,Home,17,Thursday,0
MP-2026-021,P021,18-25,Monday,23.216056,77.432685,2026-01-01 20:33:00,17.07,8.33,29.29,Home,College,20,Thursday,0
MP-2026-021,P021,18-25,Monday,23.261465,77.413461,2026-01-02 04:06:00,18.63,2.92,9.41,College,Home,4,Friday,0
MP-2026-021,P021,26-35,Thursday,23.259783,77.409939,2026-01-01 18:40:00,15.2,6.8,26.83,Home,Bus_Stop,18,Thursday,0
MP-2026-021,P021,36-45,Friday,23.268433,77.410824,2026-01-01 21:52:00,5.0,2.66,31.87,Bus_Stop,Railway,21,Thursday,0
MP-2026-021,P021,18-25,Wednesday,23.260292,77.407283,2026-01-01 19:16:00,14.29,6.64,27.86,Railway,Bus_Stop,19,Thursday,0
MP-2026-021,P021,36-45,Saturday,23.259792,77.402523,2026-01-02 02:40:00,25.04,12.36,29.61,Bus_Stop,Market,2,Friday,0
MP-2026-021,P021,36-45,Thursday,23.267425,77.411361,2026-01-01 17:35:00,35.89,22.31,37.3,Market,Railway,17,Thursday,0
MP-2026-021,P021,36-45,Saturday,23.260606,77.413125,2026-01-01 22:09:00,5.0,0.81,9.72,Railway,Home,22,Thursday,0
MP-2026-021,P021,26-35,Thursday,23.216138,77.432725,2026-01-01 22:40:00,15.78,5.37,20.43,Home,College,22,Thursday,0
MP-2026-021,P021,26-35,Sunday,23.258443,77.405709,2026-01-02 02:15:00,25.57,12.09,28.36,College,Market,2,Friday,0
MP-2026-021,P021,26-35,Saturday,23.259637,77.412317,2026-01-01 13:12:00,18.2,2.62,8.63,Market,Home,13,Thursday,0
MP-2026-021,P021,36-45,Friday,23.260397,77.410008,2026-01-01 13:50:00,21.44,7.97,22.3,Home,Bus_Stop,13,Thursday,0
MP-2026-021,P021,18-25,Sunday,23.205568,77.440401,2026-01-01 20:19:00,14.69,6.04,24.67,Bus_Stop,Mall,20,Thursday,0
MP-2026-021,P021,26-35,Saturday,23.260384,77.413212,2026-01-01 18:29:00,21.0,8.06,23.04,Mall,Home,18,Thursday,0
MP-2026-021,P021,26-35,Monday,23.216557,77.429956,2026-01-02 01:30:00,11.08,4.94,26.78,Home,College,1,Friday,0
MP-2026-021,P021,36-45,Friday,23.260071,77.402466,2026-01-01 13:40:00,23.15,11.59,30.03,College,Market,13,Thursday,0
MP-2026-021,P021,26-35,Sunday,23.238144,77.399115,2026-01-01 23:27:00,37.46,8.46,13.55,Market,Park,23,Thursday,0
MP-2026-021,P021,36-45,Friday,23.25913,77.413933,2026-01-01 17:06:00,23.31,7.04,18.12,Park,Home,17,Thursday,0
MP-2026-021,P021,36-45,Thursday,23.258314,77.409533,2026-01-02 00:39:00,16.54,7.75,28.1,Home,Bus_Stop,0,Friday,0
MP-2026-021,P021,26-35,Thursday,23.21253,77.431679,2026-01-02 04:58:00,23.16,9.91,25.68,Bus_Stop,College,4,Friday,0
MP-2026-021,P021,18-25,Sunday,23.258357,77.40457,2026-01-02 04:44:00,14.59,7.78,31.99,College,Market,4,Friday,0
MP-2026-021,P021,36-45,Tuesday,23.269846,77.412269,2026-01-01 19:22:00,14.25,8.67,36.51,Market,Railway,19,Thursday,0
MP-2026-021,P021,36-45,Sunday,23.260127,77.396369,2026-01-01 15:46:00,26.12,7.88,18.11,Railway,Hospital,15,Thursday,0
MP-2026-021,P021,18-25,Saturday,23.261225,77.405922,2026-01-01 21:37:00,10.56,6.59,37.44,Hospital,Market,21,Thursday,0
MP-2026-021,P021,26-35,Friday,23.268892,77.412455,2026-01-01 23:07:00,5.0,2.53,30.33,Market,Railway,23,Thursday,0
MP-2026-021,P021,18-25,Thursday,23.258979,77.410441,2026-01-02 04:57:00,7.34,4.59,37.51,Railway,Bus_Stop,4,Friday,0
MP-2026-021,P021,36-45,Saturday,23.259104,77.40283,2026-01-01 14:52:00,21.91,7.32,20.03,Bus_Stop,Market,14,Thursday,0
MP-2026-021,P021,36-45,Sunday,23.267348,77.411641,2026-01-02 04:20:00,21.45,9.74,27.24,Market,Railway,4,Friday,0
MP-2026-021,P021,26-35,Saturday,23.256766,77.412506,2026-01-01 20:16:00,25.81,10.88,25.29,Railway,Bus_Stop,20,Thursday,0
MP-2026-021,P021,36-45,Wednesday,23.260173,77.404216,2026-01-01 18:26:00,18.72,10.31,33.03,Bus_Stop,Market,18,Thursday,0
MP-2026-021,P021,36-45,Monday,23.271411,77.40904,2026-01-02 02:24:00,27.22,9.88,21.78,Market,Railway,2,Friday,0
MP-2026-021,P021,26-35,Monday,23.25925,77.405183,2026-01-01 15:01:00,26.77,14.8,33.17,Railway,Market,15,Thursday,0
MP-2026-021,P021,18-25,Wednesday,23.238363,77.398743,2026-01-02 00:51:00,25.17,1.04,2.48,Market,Park,0,Friday,0
MP-2026-021,P021,18-25,Friday,23.260558,77.409746,2026-01-01 21:04:00,23.87,6.24,15.68,Park,Bus_Stop,21,Thursday,0
MP-2026-021,P021,26-35,Wednesday,23.259393,77.399491,2026-01-01 14:59:00,36.84,11.5,18.72,Bus_Stop,Market,14,Thursday,0
MP-2026-021,P021,18-25,Friday,23.238023,77.399177,2026-01-01 16:25:00,20.62,8.13,23.66,Market,Park,16,Thursday,0
MP-2026-021,P021,36-45,Sunday,23.217251,77.432102,2026-01-02 03:35:00,34.1,13.64,24.0,Park,College,3,Friday,0
MP-2026-021,P021,18-25,Tuesday,23.207668,77.437195,2026-01-02 03:16:00,25.87,8.26,19.16,College,Mall,3,Friday,0
MP-2026-021,P021,18-25,Saturday,23.213607,77.43386,2026-01-01 23:56:00,26.76,15.35,34.41,Mall,College,23,Thursday,0
MP-2026-021,P021,26-35,Friday,23.261402,77.404053,2026-01-01 21:27:00,26.23,10.74,24.57,College,Market,21,Thursday,0
MP-2026-021,P021,36-45,Thursday,23.237729,77.400078,2026-01-02 04:49:00,29.0,1.93,3.99,Market,Park,4,Friday,0
MP-2026-021,P021,36-45,Tuesday,23.256833,77.402418,2026-01-01 23:38:00,30.85,16.3,31.71,Park,Market,23,Thursday,0
MP-2026-021,P021,36-45,Tuesday,23.2383,77.401638,2026-01-01 16:03:00,11.86,0.4,2.0,Market,Park,16,Thursday,0
MP-2026-021,P021,36-45,Saturday,23.258712,77.395934,2026-01-02 02:12:00,13.62,6.3,27.76,Park,Hospital,2,Friday,0
MP-2026-021,P021,26-35,Thursday,23.260754,77.401887,2026-01-01 20:37:00,18.68,7.25,23.29,Hospital,Market,20,Thursday,0
MP-2026-021,P021,26-35,Thursday,23.270648,77.413331,2026-01-02 04:32:00,20.06,8.15,24.36,Market,Railway,4,Friday,0
MP-2026-021,P021,18-25,Monday,23.207276,77.438769,2026-01-01 14:19:00,17.01,8.48,29.92,Railway,Mall,14,Thursday,0
MP-2026-021,P021,36-45,Saturday,23.260207,77.407681,2026-01-01 17:45:00,14.0,5.2,22.3,Mall,Market,17,Thursday,0
MP-2026-021,P021,36-45,Sunday,23.25759,77.413473,2026-01-02 01:02:00,28.39,3.37,7.12,Market,Home,1,Friday,0
MP-2026-021,P021,36-45,Friday,23.218378,77.432249,2026-01-01 19:12:00,19.29,7.88,24.5,Home,College,19,Thursday,0
MP-2026-021,P021,26-35,Thursday,23.258557,77.404985,2026-01-02 03:18:00,28.11,14.98,31.96,College,Market,3,Friday,0
MP-2026-021,P021,18-25,Wednesday,23.269782,77.413342,2026-01-01 17:04:00,20.05,12.01,35.94,Market,Railway,17,Thursday,0
MP-2026-021,P021,18-25,Friday,23.259356,77.404541,2026-01-01 20:25:00,26.65,13.36,30.07,Railway,Market,20,Thursday,0
MP-2026-021,P021,18-25,Wednesday,23.268964,77.410215,2026-01-01 18:29:00,14.86,9.25,37.32,Market,Railway,18,Thursday,0
MP-2026-021,P021,18-25,Saturday,23.261142,77.412271,2026-01-01 15:39:00,21.8,6.65,18.31,Railway,Bus_Stop,15,Thursday,0
MP-2026-021,P021,26-35,Wednesday,23.258158,77.397986,2026-01-02 00:21:00,32.74,16.82,30.83,Bus_Stop,Hospital,0,Friday,0
MP-2026-021,P021,36-45,Saturday,23.239895,77.399585,2026-01-01 13:04:00,31.05,7.11,13.73,Hospital,Park,13,Thursday,0
MP-2026-021,P021,18-25,Sunday,23.26,77.404638,2026-01-01 13:22:00,24.63,12.3,29.98,Park,Market,13,Thursday,0
MP-2026-021,P021,26-35,Wednesday,23.260023,77.411465,2026-01-01 13:46:00,9.45,2.5,15.89,Market,Home,13,Thursday,0
MP-2026-021,P021,18-25,Monday,23.21583,77.432882,2026-01-01 23:37:00,5.0,2.0,24.05,Home,College,23,Thursday,0
MP-2026-021,P021,36-45,Tuesday,23.261193,77.411281,2026-01-01 22:02:00,33.1,7.92,14.36,College,Home,22,Thursday,0
MP-2026-021,P021,36-45,Wednesday,23.260015,77.410485,2026-01-01 15:59:00,18.45,12.22,39.73,Home,Bus_Stop,15,Thursday,0
MP-2026-021,P021,26-35,Tuesday,23.258614,77.403951,2026-01-01 15:06:00,17.56,7.79,26.64,Bus_Stop,Market,15,Thursday,0
MP-2026-021,P021,36-45,Tuesday,23.237694,77.401395,2026-01-01 13:06:00,20.64,2.64,7.68,Market,Park,13,Thursday,0
MP-2026-021,P021,26-35,Thursday,23.259182,77.412333,2026-01-01 17:40:00,36.25,4.52,7.48,Park,Home,17,Thursday,0
MP-2026-021,P021,26-35,Saturday,23.261528,77.402091,2026-01-01 14:55:00,18.34,7.16,23.42,Home,Market,14,Thursday,0
MP-2026-021,P021,26-35,Wednesday,23.26976,77.412766,2026-01-01 18:26:00,16.58,8.5,30.77,Market,Railway,18,Thursday,0
MP-2026-021,P021,26-35,Tuesday,23.257375,77.410812,2026-01-01 18:53:00,22.01,11.33,30.9,Railway,Bus_Stop,18,Thursday,0
MP-2026-021,P021,26-35,Wednesday,23.259857,77.404371,2026-01-01 17:08:00,35.61,22.39,37.73,Bus_Stop,Market,17,Thursday,0
MP-2026-021,P021,18-25,Saturday,23.258447,77.411833,2026-01-01 16:33:00,26.99,7.64,17.0,Market,Home,16,Thursday,0
MP-2026-021,P021,36-45,Tuesday,23.258249,77.410813,2026-01-01 17:46:00,12.6,4.49,21.4,Home,Bus_Stop,17,Thursday,0
MP-2026-021,P021,36-45,Tuesday,23.268831,77.414591,2026-01-01 23:07:00,14.82,7.51,30.4,Bus_Stop,Railway,23,Thursday,0
MP-2026-021,P021,18-25,Saturday,23.215517,77.434036,2026-01-02 02:00:00,5.0,1.49,17.92,Railway,College,2,Friday,0
MP-2026-022,P022,18-25,Wednesday,23.255954,77.405756,2026-01-02 14:44:00,16.07,5.94,22.18,Home,Market,14,Friday,0
MP-2026-022,P022,36-45,Tuesday,23.258003,77.411172,2026-01-03 03:35:00,19.36,6.39,19.8,Market,Home,3,Saturday,1
MP-2026-022,P022,18-25,Monday,23.258949,77.40829,2026-01-02 16:31:00,32.35,15.39,28.55,Home,Bus_Stop,16,Friday,0
MP-2026-022,P022,18-25,Monday,23.270143,77.411905,2026-01-02 13:02:00,13.5,4.78,21.24,Bus_Stop,Railway,13,Friday,0
MP-2026-022,P022,18-25,Wednesday,23.257547,77.413601,2026-01-02 19:53:00,17.96,2.89,9.66,Railway,Home,19,Friday,0
MP-2026-022,P022,18-25,Tuesday,23.216371,77.432865,2026-01-02 15:24:00,20.91,12.54,36.0,Home,College,15,Friday,0
MP-2026-022,P022,18-25,Wednesday,23.259629,77.412181,2026-01-02 22:19:00,12.42,1.48,7.16,College,Home,22,Friday,0
MP-2026-022,P022,26-35,Friday,23.259567,77.410749,2026-01-02 15:39:00,12.43,5.65,27.3,Home,Bus_Stop,15,Friday,0
MP-2026-022,P022,18-25,Thursday,23.271262,77.412109,2026-01-02 13:14:00,33.39,13.21,23.74,Bus_Stop,Railway,13,Friday,0
MP-2026-022,P022,18-25,Friday,23.257799,77.403525,2026-01-02 15:37:00,26.29,6.93,15.81,Railway,Market,15,Friday,0
MP-2026-022,P022,26-35,Thursday,23.214884,77.432634,2026-01-02 21:25:00,29.3,18.41,37.7,Market,College,21,Friday,0
MP-2026-022,P022,26-35,Wednesday,23.259682,77.41312,2026-01-02 21:29:00,17.85,3.29,11.05,College,Home,21,Friday,0
MP-2026-022,P022,18-25,Tuesday,23.259579,77.409665,2026-01-02 13:27:00,12.04,5.04,25.12,Home,Bus_Stop,13,Friday,0
MP-2026-022,P022,18-25,Monday,23.261015,77.401187,2026-01-03 01:00:00,5.0,2.04,24.53,Bus_Stop,Market,1,Saturday,1
MP-2026-022,P022,18-25,Thursday,23.239519,77.402043,2026-01-02 15:09:00,14.72,4.31,17.58,Market,Park,15,Friday,0
MP-2026-022,P022,26-35,Tuesday,23.260228,77.403441,2026-01-03 04:15:00,25.13,5.73,13.69,Park,Market,4,Saturday,1
MP-2026-022,P022,36-45,Monday,23.237262,77.401226,2026-01-03 02:42:00,11.88,0.64,3.22,Market,Park,2,Saturday,1
MP-2026-022,P022,36-45,Saturday,23.261165,77.397507,2026-01-02 16:09:00,7.97,4.0,30.06,Park,Hospital,16,Friday,0
MP-2026-022,P022,18-25,Wednesday,23.258806,77.411115,2026-01-02 21:16:00,16.9,0.56,2.0,Hospital,Home,21,Friday,0
MP-2026-022,P022,36-45,Monday,23.257066,77.409038,2026-01-02 22:37:00,22.06,10.47,28.49,Home,Bus_Stop,22,Friday,0
MP-2026-022,P022,36-45,Sunday,23.259794,77.404274,2026-01-03 04:29:00,31.34,16.53,31.66,Bus_Stop,Market,4,Saturday,1
MP-2026-022,P022,36-45,Saturday,23.257795,77.415787,2026-01-02 16:56:00,20.29,3.97,11.73,Market,Home,16,Friday,0
MP-2026-022,P022,26-35,Sunday,23.258563,77.410487,2026-01-02 21:39:00,10.66,5.55,31.25,Home,Bus_Stop,21,Friday,0
MP-2026-022,P022,18-25,Thursday,23.213923,77.429755,2026-01-02 14:02:00,11.87,6.5,32.87,Bus_Stop,College,14,Friday,0
MP-2026-022,P022,18-25,Monday,23.205066,77.437831,2026-01-03 00:21:00,19.36,11.17,34.62,College,Mall,0,Saturday,1
MP-2026-022,P022,18-25,Friday,23.215803,77.430637,2026-01-02 16:12:00,8.8,3.56,24.29,Mall,College,16,Friday,0
MP-2026-022,P022,26-35,Wednesday,23.205248,77.437443,2026-01-02 23:45:00,12.81,7.24,33.9,College,Mall,23,Friday,0
MP-2026-022,P022,36-45,Wednesday,23.258855,77.4122,2026-01-02 22:20:00,20.35,2.5,7.38,Mall,Home,22,Friday,0
MP-2026-022,P022,18-25,Sunday,23.256351,77.403685,2026-01-02 14:37:00,25.45,8.79,20.73,Home,Market,14,Friday,0
MP-2026-022,P022,36-45,Thursday,23.216372,77.432307,2026-01-03 02:16:00,9.67,2.7,16.75,Market,College,2,Saturday,1
MP-2026-022,P022,26-35,Wednesday,23.258761,77.409026,2026-01-02 16:44:00,15.66,3.59,13.75,College,Bus_Stop,16,Friday,0
MP-2026-022,P022,36-45,Tuesday,23.258996,77.404268,2026-01-02 22:53:00,15.35,5.96,23.3,Bus_Stop,Market,22,Friday,0
MP-2026-022,P022,36-45,Friday,23.239811,77.400726,2026-01-02 21:46:00,7.34,2.35,19.19,Market,Park,21,Friday,0
MP-2026-022,P022,26-35,Thursday,23.260163,77.411871,2026-01-02 22:53:00,19.07,3.49,10.99,Park,Home,22,Friday,0
MP-2026-022,P022,26-35,Tuesday,23.216084,77.430555,2026-01-02 21:49:00,26.07,16.67,38.37,Home,College,21,Friday,0
MP-2026-022,P022,26-35,Sunday,23.261458,77.411295,2026-01-02 21:12:00,9.23,1.79,11.61,College,Home,21,Friday,0
MP-2026-022,P022,26-35,Saturday,23.258255,77.410413,2026-01-02 17:44:00,31.37,10.89,20.84,Home,Bus_Stop,17,Friday,0
MP-2026-022,P022,18-25,Sunday,23.214129,77.432809,2026-01-02 19:10:00,12.9,5.13,23.88,Bus_Stop,College,19,Friday,0
MP-2026-022,P022,18-25,Tuesday,23.256804,77.404291,2026-01-03 03:35:00,27.05,14.45,32.06,College,Market,3,Saturday,1
MP-2026-022,P022,36-45,Sunday,23.239245,77.400572,2026-01-03 03:14:00,43.56,15.2,20.94,Market,Park,3,Saturday,1
MP-2026-022,P022,36-45,Saturday,23.257291,77.403747,2026-01-03 04:21:00,10.58,5.13,29.1,Park,Market,4,Saturday,1
MP-2026-022,P022,18-25,Monday,23.213579,77.431149,2026-01-03 02:19:00,26.82,15.2,34.01,Market,College,2,Saturday,1
MP-2026-022,P022,36-45,Friday,23.204163,77.436893,2026-01-02 15:14:00,15.79,7.03,26.73,College,Mall,15,Friday,0
MP-2026-022,P022,26-35,Tuesday,23.213792,77.432175,2026-01-02 17:06:00,13.16,5.07,23.13,Mall,College,17,Friday,0
MP-2026-022,P022,18-25,Thursday,23.258666,77.404183,2026-01-02 20:36:00,14.47,10.07,41.74,College,Market,20,Friday,0
MP-2026-022,P022,26-35,Monday,23.238899,77.400224,2026-01-02 14:41:00,26.33,3.79,8.63,Market,Park,14,Friday,0
MP-2026-022,P022,18-25,Sunday,23.258387,77.396196,2026-01-02 20:35:00,32.82,19.63,35.89,Park,Hospital,20,Friday,0
MP-2026-022,P022,26-35,Saturday,23.257769,77.403754,2026-01-02 21:00:00,26.72,18.36,41.23,Hospital,Market,21,Friday,0
MP-2026-022,P022,36-45,Friday,23.271154,77.413086,2026-01-03 04:49:00,14.78,8.0,32.48,Market,Railway,4,Saturday,1
MP-2026-022,P022,36-45,Friday,23.259711,77.41276,2026-01-03 01:05:00,23.06,10.84,28.21,Railway,Bus_Stop,1,Saturday,1
MP-2026-022,P022,18-25,Thursday,23.256714,77.401942,2026-01-02 16:09:00,26.59,14.34,32.36,Bus_Stop,Market,16,Friday,0
MP-2026-022,P022,26-35,Wednesday,23.259694,77.411472,2026-01-02 21:53:00,19.43,2.41,7.44,Market,Home,21,Friday,0
MP-2026-022,P022,18-25,Wednesday,23.257383,77.411227,2026-01-03 03:48:00,24.06,9.87,24.63,Home,Bus_Stop,3,Saturday,1
MP-2026-022,P022,18-25,Monday,23.214726,77.432922,2026-01-02 14:45:00,8.4,3.32,23.72,Bus_Stop,College,14,Friday,0
MP-2026-022,P022,36-45,Saturday,23.259896,77.402082,2026-01-02 20:17:00,18.82,11.09,35.36,College,Market,20,Friday,0
MP-2026-022,P022,18-25,Monday,23.238233,77.401179,2026-01-02 15:51:00,24.9,1.24,2.99,Market,Park,15,Friday,0
MP-2026-022,P022,36-45,Wednesday,23.2604,77.394976,2026-01-02 14:09:00,15.65,9.07,34.8,Park,Hospital,14,Friday,0
MP-2026-022,P022,36-45,Saturday,23.258972,77.404387,2026-01-03 01:58:00,13.56,5.54,24.51,Hospital,Market,1,Saturday,1
MP-2026-022,P022,26-35,Wednesday,23.270621,77.411065,2026-01-02 22:10:00,31.62,21.24,40.31,Market,Railway,22,Friday,0
MP-2026-022,P022,26-35,Wednesday,23.261313,77.404014,2026-01-02 20:32:00,25.66,11.78,27.53,Railway,Market,20,Friday,0
MP-2026-022,P022,26-35,Saturday,23.260025,77.411959,2026-01-02 23:07:00,13.8,4.45,19.35,Market,Home,23,Friday,0
MP-2026-022,P022,36-45,Sunday,23.215722,77.433235,2026-01-02 23:40:00,13.45,7.71,34.4,Home,College,23,Friday,0
MP-2026-022,P022,18-25,Saturday,23.259307,77.41127,2026-01-02 19:26:00,15.13,6.82,27.05,College,Home,19,Friday,0
MP-2026-022,P022,36-45,Saturday,23.258523,77.411026,2026-01-03 02:09:00,22.86,15.56,40.84,Home,Bus_Stop,2,Saturday,1
MP-2026-022,P022,36-45,Monday,23.268953,77.412808,2026-01-02 22:14:00,15.65,7.21,27.64,Bus_Stop,Railway,22,Friday,0
MP-2026-022,P022,26-35,Monday,23.257234,77.411537,2026-01-02 15:15:00,30.62,10.6,20.77,Railway,Bus_Stop,15,Friday,0
MP-2026-022,P022,26-35,Sunday,23.258853,77.405126,2026-01-03 00:45:00,33.13,14.27,25.84,Bus_Stop,Market,0,Saturday,1
MP-2026-022,P022,36-45,Saturday,23.260271,77.412345,2026-01-02 20:22:00,21.87,5.33,14.63,Market,Home,20,Friday,0
MP-2026-022,P022,18-25,Sunday,23.269953,77.411824,2026-01-02 22:06:00,10.42,6.83,39.33,Home,Railway,22,Friday,0
MP-2026-022,P022,18-25,Friday,23.260549,77.412182,2026-01-02 14:30:00,18.77,3.81,12.17,Railway,Home,14,Friday,0
MP-2026-022,P022,18-25,Saturday,23.259172,77.411391,2026-01-02 13:36:00,32.26,19.68,36.59,Home,Bus_Stop,13,Friday,0
MP-2026-022,P022,26-35,Friday,23.268441,77.412406,2026-01-03 00:11:00,17.7,7.4,25.07,Bus_Stop,Railway,0,Saturday,1
MP-2026-022,P022,26-35,Monday,23.260132,77.405216,2026-01-02 18:47:00,23.63,10.35,26.28,Railway,Market,18,Friday,0
MP-2026-022,P022,18-25,Thursday,23.260489,77.413191,2026-01-02 20:35:00,24.48,2.13,5.21,Market,Home,20,Friday,0
MP-2026-022,P022,36-45,Friday,23.216568,77.430697,2026-01-02 15:46:00,29.98,8.96,17.93,Home,College,15,Friday,0
MP-2026-022,P022,36-45,Wednesday,23.207341,77.437148,2026-01-03 03:43:00,18.95,7.86,24.9,College,Mall,3,Saturday,1
MP-2026-022,P022,18-25,Sunday,23.259294,77.401866,2026-01-03 01:13:00,18.62,3.02,9.73,Mall,Market,1,Saturday,1
MP-2026-022,P022,36-45,Tuesday,23.269182,77.411797,2026-01-03 01:43:00,18.52,9.65,31.25,Market,Railway,1,Saturday,1
MP-2026-022,P022,26-35,Saturday,23.258064,77.404141,2026-01-03 00:49:00,10.66,3.38,19.0,Railway,Market,0,Saturday,1
MP-2026-022,P022,18-25,Friday,23.268993,77.413742,2026-01-02 22:15:00,30.87,10.47,20.36,Market,Railway,22,Friday,0
MP-2026-023,P023,18-25,Tuesday,23.256313,77.410537,2026-01-03 23:51:00,25.23,9.5,22.59,Home,Bus_Stop,23,Saturday,1
MP-2026-023,P023,18-25,Friday,23.258447,77.402814,2026-01-03 15:45:00,40.48,17.09,25.33,Bus_Stop,Market,15,Saturday,1
MP-2026-023,P023,26-35,Friday,23.260744,77.412989,2026-01-03 20:08:00,8.4,2.77,19.8,Market,Home,20,Saturday,1
MP-2026-023,P023,18-25,Thursday,23.24036731835155,77.45183939797622,2026-01-04 00:32:00,24.69,11.38,106.05915067540934,Home,College,0,Sunday,1
MP-2026-023,P023,18-25,Saturday,23.20612,77.43839,2026-01-04 01:22:00,22.35,13.69,36.75,College,Mall,1,Sunday,1
MP-2026-023,P023,36-45,Friday,23.214786,77.430025,2026-01-04 01:28:00,26.85,11.26,25.17,Mall,College,1,Sunday,1
MP-2026-023,P023,18-25,Friday,23.261217,77.410207,2026-01-03 14:50:00,28.84,7.69,16.0,College,Home,14,Saturday,1
MP-2026-023,P023,26-35,Friday,23.259383,77.402009,2026-01-03 14:37:00,36.18,16.48,27.33,Home,Market,14,Saturday,1
MP-2026-023,P023,26-35,Saturday,23.205986,77.436153,2026-01-04 00:56:00,33.38,13.35,24.0,Market,Mall,0,Sunday,1
MP-2026-023,P023,26-35,Saturday,23.214681,77.433048,2026-01-03 14:26:00,24.33,7.32,18.06,Mall,College,14,Saturday,1
MP-2026-023,P023,18-25,Saturday,23.206226,77.437556,2026-01-03 17:51:00,14.93,7.26,29.18,College,Mall,17,Saturday,1
MP-2026-023,P023,26-35,Wednesday,23.26025,77.413554,2026-01-04 01:31:00,13.29,3.98,17.96,Mall,Home,1,Sunday,1
MP-2026-023,P023,36-45,Monday,23.21569,77.432587,2026-01-03 22:41:00,18.94,8.88,28.14,Home,College,22,Saturday,1
MP-2026-023,P023,36-45,Wednesday,23.207392,77.435915,2026-01-03 17:30:00,7.85,3.53,26.95,College,Mall,17,Saturday,1
MP-2026-023,P023,18-25,Saturday,23.258854,77.403597,2026-01-03 22:54:00,20.21,10.12,30.04,Mall,Market,22,Saturday,1
MP-2026-023,P023,36-45,Saturday,23.208206,77.434694,2026-01-03 18:24:00,30.0,18.56,37.13,Market,Mall,18,Saturday,1
MP-2026-023,P023,36-45,Tuesday,23.215458,77.431141,2026-01-03 16:27:00,24.28,13.14,32.48,Mall,College,16,Saturday,1
MP-2026-023,P023,26-35,Saturday,23.208131,77.435361,2026-01-03 23:18:00,10.79,5.31,29.55,College,Mall,23,Saturday,1
MP-2026-023,P023,18-25,Wednesday,23.217214,77.432782,2026-01-03 13:00:00,30.0,11.56,23.12,Mall,College,13,Saturday,1
MP-2026-023,P023,26-35,Wednesday,23.260282,77.403533,2026-01-03 22:41:00,5.0,3.38,40.51,College,Market,22,Saturday,1
MP-2026-023,P023,26-35,Monday,23.207103,77.435053,2026-01-03 14:47:00,13.89,5.58,24.12,Market,Mall,14,Saturday,1
MP-2026-023,P023,26-35,Friday,23.257931,77.403609,2026-01-03 23:45:00,16.46,6.25,22.77,Mall,Market,23,Saturday,1
MP-2026-023,P023,36-45,Wednesday,23.259816,77.412771,2026-01-04 03:55:00,23.82,0.79,2.0,Market,Home,3,Sunday,1
MP-2026-023,P023,36-45,Monday,23.257972,77.407664,2026-01-04 04:38:00,21.04,8.82,25.16,Home,Bus_Stop,4,Sunday,1
MP-2026-023,P023,18-25,Thursday,23.215203,77.429566,2026-01-04 04:09:00,15.81,4.82,18.29,Bus_Stop,College,4,Sunday,1
MP-2026-023,P023,36-45,Thursday,23.257463,77.402795,2026-01-04 04:59:00,21.93,9.82,26.86,College,Market,4,Sunday,1
MP-2026-023,P023,18-25,Friday,23.239824,77.40073,2026-01-03 14:54:00,20.73,3.84,11.12,Market,Park,14,Saturday,1
MP-2026-023,P023,36-45,Tuesday,23.256337,77.395933,2026-01-03 19:09:00,18.3,5.64,18.48,Park,Hospital,19,Saturday,1
MP-2026-023,P023,18-25,Tuesday,23.259152,77.40254,2026-01-03 14:40:00,16.82,7.14,25.46,Hospital,Market,14,Saturday,1
MP-2026-023,P023,26-35,Thursday,23.267443,77.411942,2026-01-03 18:12:00,14.96,5.64,22.61,Market,Railway,18,Saturday,1
MP-2026-023,P023,18-25,Friday,23.257185,77.411265,2026-01-03 18:57:00,31.2,15.21,29.26,Railway,Bus_Stop,18,Saturday,1
MP-2026-023,P023,26-35,Wednesday,23.259691,77.402004,2026-01-03 16:59:00,21.76,7.16,19.73,Bus_Stop,Market,16,Saturday,1
MP-2026-023,P023,36-45,Monday,23.259051,77.412081,2026-01-03 17:52:00,17.85,4.2,14.11,Market,Home,17,Saturday,1
MP-2026-023,P023,36-45,Friday,23.258928,77.410833,2026-01-03 13:43:00,12.4,5.19,25.13,Home,Bus_Stop,13,Saturday,1
MP-2026-023,P023,18-25,Saturday,23.258815,77.404383,2026-01-03 16:45:00,19.47,9.52,29.33,Bus_Stop,Market,16,Saturday,1
MP-2026-023,P023,18-25,Monday,23.258825,77.413024,2026-01-03 16:37:00,27.57,3.41,7.42,Market,Home,16,Saturday,1
MP-2026-023,P023,26-35,Saturday,23.259462,77.403839,2026-01-03 22:18:00,19.63,10.81,33.04,Home,Market,22,Saturday,1
MP-2026-023,P023,26-35,Thursday,23.240092,77.400393,2026-01-03 21:51:00,13.33,3.02,13.59,Market,Park,21,Saturday,1
MP-2026-023,P023,36-45,Friday,23.261245,77.413377,2026-01-03 18:21:00,16.65,0.63,2.28,Park,Home,18,Saturday,1
MP-2026-023,P023,36-45,Thursday,23.257848,77.401894,2026-01-03 22:16:00,33.68,13.85,24.68,Home,Market,22,Saturday,1
MP-2026-023,P023,18-25,Wednesday,23.267444,77.41113,2026-01-04 04:52:00,28.3,11.59,24.57,Market,Railway,4,Sunday,1
MP-2026-023,P023,26-35,Sunday,23.259509,77.412827,2026-01-03 17:10:00,28.01,5.11,10.94,Railway,Home,17,Saturday,1
MP-2026-023,P023,26-35,Tuesday,23.216492,77.434023,2026-01-03 20:36:00,27.47,14.92,32.59,Home,College,20,Saturday,1
MP-2026-023,P023,36-45,Monday,23.258119,77.404886,2026-01-04 04:16:00,16.73,7.32,26.25,College,Market,4,Sunday,1
MP-2026-023,P023,36-45,Sunday,23.268574,77.414445,2026-01-03 19:22:00,17.94,7.62,25.48,Market,Railway,19,Saturday,1
MP-2026-023,P023,18-25,Friday,23.259862,77.404268,2026-01-04 02:18:00,15.13,5.78,22.91,Railway,Market,2,Sunday,1
MP-2026-023,P023,36-45,Saturday,23.23954,77.399255,2026-01-03 16:25:00,21.31,4.16,11.7,Market,Park,16,Saturday,1
MP-2026-023,P023,18-25,Monday,23.260292,77.412786,2026-01-03 14:58:00,25.88,8.31,19.26,Park,Home,14,Saturday,1
MP-2026-023,P023,26-35,Tuesday,23.259713,77.401511,2026-01-03 20:55:00,26.75,15.07,33.79,Home,Market,20,Saturday,1
MP-2026-023,P023,18-25,Wednesday,23.259044,77.413263,2026-01-03 22:00:00,18.22,3.32,10.95,Market,Home,22,Saturday,1
MP-2026-023,P023,26-35,Sunday,23.259356,77.410202,2026-01-03 22:06:00,17.81,7.32,24.66,Home,Bus_Stop,22,Saturday,1
MP-2026-023,P023,26-35,Saturday,23.258582,77.405193,2026-01-04 02:42:00,10.88,7.11,39.24,Bus_Stop,Market,2,Sunday,1
MP-2026-023,P023,26-35,Sunday,23.240676,77.401611,2026-01-03 22:32:00,18.72,1.32,4.24,Market,Park,22,Saturday,1
MP-2026-023,P023,18-25,Wednesday,23.258827,77.404273,2026-01-04 03:17:00,11.69,5.29,27.17,Park,Market,3,Sunday,1
MP-2026-023,P023,26-35,Sunday,23.258002,77.412997,2026-01-03 23:08:00,34.14,10.25,18.01,Market,Home,23,Saturday,1
MP-2026-023,P023,36-45,Tuesday,23.258616,77.402553,2026-01-03 18:55:00,19.69,10.21,31.11,Home,Market,18,Saturday,1
MP-2026-023,P023,18-25,Saturday,23.259512,77.414249,2026-01-04 00:39:00,15.0,1.24,4.96,Market,Home,0,Sunday,1
MP-2026-023,P023,18-25,Sunday,23.260278,77.411652,2026-01-03 23:12:00,30.58,7.07,13.87,Home,Bus_Stop,23,Saturday,1
MP-2026-023,P023,18-25,Wednesday,23.212452,77.431978,2026-01-03 18:30:00,23.5,10.19,26.02,Bus_Stop,College,18,Saturday,1
MP-2026-023,P023,18-25,Wednesday,23.257084,77.404888,2026-01-04 03:49:00,26.31,10.38,23.67,College,Market,3,Sunday,1
MP-2026-023,P023,26-35,Tuesday,23.260742,77.398387,2026-01-04 03:36:00,15.0,4.45,17.8,Market,Hospital,3,Sunday,1
MP-2026-023,P023,18-25,Tuesday,23.259792,77.411709,2026-01-03 16:11:00,15.94,4.62,17.38,Hospital,Home,16,Saturday,1
MP-2026-023,P023,36-45,Friday,23.216976,77.432949,2026-01-03 16:29:00,20.86,9.05,26.03,Home,College,16,Saturday,1
MP-2026-023,P023,26-35,Tuesday,23.260824,77.415659,2026-01-04 04:45:00,5.0,1.31,15.7,College,Home,4,Sunday,1
MP-2026-023,P023,26-35,Wednesday,23.260115,77.404223,2026-01-04 03:57:00,24.87,11.0,26.54,Home,Market,3,Sunday,1
MP-2026-023,P023,36-45,Friday,23.261599,77.411741,2026-01-04 02:35:00,20.2,0.67,2.0,Market,Home,2,Sunday,1
MP-2026-023,P023,18-25,Saturday,23.257067,77.402896,2026-01-03 13:41:00,13.71,3.37,14.77,Home,Market,13,Saturday,1
MP-2026-023,P023,18-25,Thursday,23.261595,77.412436,2026-01-03 17:45:00,20.67,5.35,15.54,Market,Home,17,Saturday,1
MP-2026-023,P023,36-45,Sunday,23.213918,77.432446,2026-01-04 03:30:00,14.17,10.26,43.46,Home,College,3,Sunday,1
MP-2026-023,P023,36-45,Friday,23.258662,77.412424,2026-01-03 20:20:00,12.6,0.42,2.0,College,Home,20,Saturday,1
MP-2026-023,P023,36-45,Sunday,23.260387,77.404604,2026-01-03 22:16:00,20.38,8.8,25.92,Home,Market,22,Saturday,1
MP-2026-023,P023,18-25,Tuesday,23.271488,77.412239,2026-01-03 18:59:00,37.34,18.46,29.67,Market,Railway,18,Saturday,1
MP-2026-023,P023,36-45,Friday,23.259328,77.401577,2026-01-03 19:56:00,14.0,7.17,30.76,Railway,Market,19,Saturday,1
MP-2026-023,P023,36-45,Sunday,23.260529,77.415205,2026-01-04 02:59:00,26.67,6.88,15.47,Market,Home,2,Sunday,1
MP-2026-023,P023,18-25,Tuesday,23.259392,77.404222,2026-01-03 18:02:00,15.46,6.37,24.7,Home,Market,18,Saturday,1
MP-2026-023,P023,18-25,Tuesday,23.241205,77.401058,2026-01-04 03:38:00,24.28,6.94,17.14,Market,Park,3,Sunday,1
MP-2026-023,P023,36-45,Thursday,23.257896,77.39519,2026-01-04 01:35:00,35.54,13.26,22.38,Park,Hospital,1,Sunday,1
MP-2026-023,P023,26-35,Wednesday,23.261656,77.414177,2026-01-03 22:32:00,14.57,5.08,20.91,Hospital,Home,22,Saturday,1
MP-2026-023,P023,26-35,Monday,23.261601,77.405321,2026-01-04 01:27:00,8.59,4.12,28.78,Home,Market,1,Sunday,1
MP-2026-023,P023,18-25,Sunday,23.267378,77.413582,2026-01-04 01:27:00,18.95,8.1,25.64,Market,Railway,1,Sunday,1
MP-2026-024,P024,18-25,Saturday,23.259747,77.410301,2026-01-04 20:45:00,41.95,18.09,25.87,Home,Bus_Stop,20,Sunday,1
MP-2026-024,P024,18-25,Tuesday,23.267781,77.412267,2026-01-05 02:46:00,16.81,10.53,37.58,Bus_Stop,Railway,2,Monday,0
MP-2026-024,P024,18-25,Wednesday,23.260487,77.413875,2026-01-04 19:27:00,29.73,4.87,9.83,Railway,Home,19,Sunday,1
MP-2026-024,P024,18-25,Tuesday,23.238206,77.400392,2026-01-05 01:15:00,42.46,7.35,10.39,Home,Park,1,Monday,0
MP-2026-024,P024,26-35,Wednesday,23.259363,77.397018,2026-01-04 21:35:00,25.24,8.14,19.34,Park,Hospital,21,Sunday,1
MP-2026-024,P024,36-45,Saturday,23.257913,77.405568,2026-01-05 04:42:00,31.28,16.96,32.54,Hospital,Market,4,Monday,0
MP-2026-024,P024,26-35,Thursday,23.258602,77.41006,2026-01-04 13:03:00,21.74,8.33,22.99,Market,Bus_Stop,13,Sunday,1
MP-2026-024,P024,26-35,Thursday,23.271092,77.412676,2026-01-04 23:14:00,10.11,6.43,38.16,Bus_Stop,Railway,23,Sunday,1
MP-2026-024,P024,18-25,Friday,23.259485,77.411855,2026-01-04 21:23:00,18.17,12.88,42.53,Railway,Bus_Stop,21,Sunday,1
MP-2026-024,P024,26-35,Tuesday,23.213842,77.432086,2026-01-04 15:32:00,31.39,11.7,22.36,Bus_Stop,College,15,Sunday,1
MP-2026-024,P024,26-35,Wednesday,23.283341172403976,77.43094464039471,2026-01-05 00:33:00,22.11,3.31,85.48399787195332,College,Home,0,Monday,0
MP-2026-024,P024,18-25,Saturday,23.257496,77.408721,2026-01-05 03:25:00,27.03,15.1,33.52,Home,Bus_Stop,3,Monday,0
MP-2026-024,P024,18-25,Wednesday,23.215632,77.433717,2026-01-04 21:59:00,22.38,12.02,32.23,Bus_Stop,College,21,Sunday,1
MP-2026-024,P024,26-35,Sunday,23.259001,77.405023,2026-01-05 01:41:00,30.06,14.52,28.99,College,Market,1,Monday,0
MP-2026-024,P024,36-45,Wednesday,23.269329,77.414059,2026-01-04 22:11:00,25.95,10.26,23.72,Market,Railway,22,Sunday,1
MP-2026-024,P024,18-25,Sunday,23.259968,77.412223,2026-01-04 17:33:00,27.56,13.01,28.32,Railway,Bus_Stop,17,Sunday,1
MP-2026-024,P024,26-35,Monday,23.256624,77.40301,2026-01-04 21:47:00,14.75,8.72,35.47,Bus_Stop,Market,21,Sunday,1
MP-2026-024,P024,26-35,Thursday,23.271172,77.413638,2026-01-04 14:38:00,10.26,6.66,38.92,Market,Railway,14,Sunday,1
MP-2026-024,P024,26-35,Saturday,23.2585,77.410182,2026-01-04 19:25:00,11.09,0.37,2.0,Railway,Home,19,Sunday,1
MP-2026-024,P024,18-25,Sunday,23.216958,77.432185,2026-01-05 00:35:00,30.02,10.51,21.01,Home,College,0,Monday,0
MP-2026-024,P024,26-35,Thursday,23.206231,77.4364,2026-01-04 18:49:00,21.08,8.14,23.15,College,Mall,18,Sunday,1
MP-2026-024,P024,18-25,Friday,23.215843,77.430472,2026-01-04 18:58:00,20.55,12.65,36.93,Mall,College,18,Sunday,1
MP-2026-024,P024,26-35,Tuesday,23.259043,77.40313,2026-01-05 02:48:00,8.42,4.06,28.95,College,Market,2,Monday,0
MP-2026-024,P024,18-25,Wednesday,23.238584,77.40159,2026-01-05 04:42:00,26.14,5.89,13.53,Market,Park,4,Monday,0
MP-2026-024,P024,26-35,Sunday,23.258239,77.402808,2026-01-04 15:57:00,14.83,6.6,26.7,Park,Market,15,Sunday,1
MP-2026-024,P024,26-35,Monday,23.258391,77.414024,2026-01-05 02:16:00,20.55,3.8,11.1,Market,Home,2,Monday,0
MP-2026-024,P024,18-25,Saturday,23.260328,77.411816,2026-01-05 03:09:00,13.33,1.85,8.34,Home,Home,3,Monday,0
MP-2026-024,P024,36-45,Sunday,23.260069,77.411083,2026-01-04 23:54:00,11.13,6.04,32.52,Home,Bus_Stop,23,Sunday,1
MP-2026-024,P024,36-45,Monday,23.269919,77.41421,2026-01-04 15:19:00,22.97,9.62,25.12,Bus_Stop,Railway,15,Sunday,1
MP-2026-024,P024,26-35,Sunday,23.259412,77.411412,2026-01-04 23:48:00,30.23,5.79,11.49,Railway,Bus_Stop,23,Sunday,1
MP-2026-024,P024,18-25,Thursday,23.25893,77.404207,2026-01-05 03:11:00,28.19,14.34,30.51,Bus_Stop,Market,3,Monday,0
MP-2026-024,P024,36-45,Sunday,23.271511,77.414307,2026-01-04 17:27:00,11.33,4.71,24.95,Market,Railway,17,Sunday,1
MP-2026-024,P024,36-45,Tuesday,23.259228,77.41239,2026-01-04 17:55:00,21.36,4.69,13.19,Railway,Home,17,Sunday,1
MP-2026-024,P024,36-45,Sunday,23.25934,77.404495,2026-01-04 23:53:00,24.07,14.72,36.71,Home,Market,23,Sunday,1
MP-2026-024,P024,36-45,Saturday,23.239808,77.40084,2026-01-04 23:25:00,19.24,2.8,8.75,Market,Park,23,Sunday,1
MP-2026-024,P024,26-35,Wednesday,23.260178,77.402954,2026-01-04 19:33:00,8.89,2.63,17.78,Park,Market,19,Sunday,1
MP-2026-024,P024,18-25,Monday,23.262012,77.412739,2026-01-04 16:13:00,5.0,0.63,7.56,Market,Home,16,Sunday,1
MP-2026-024,P024,36-45,Sunday,23.25913,77.410358,2026-01-04 19:35:00,20.53,10.1,29.52,Home,Bus_Stop,19,Sunday,1
MP-2026-024,P024,36-45,Wednesday,23.269865,77.412398,2026-01-04 23:04:00,24.47,15.36,37.66,Bus_Stop,Railway,23,Sunday,1
MP-2026-024,P024,36-45,Friday,23.26004,77.409229,2026-01-05 00:21:00,34.08,21.07,37.08,Railway,Bus_Stop,0,Monday,0
MP-2026-024,P024,36-45,Saturday,23.259447,77.404201,2026-01-04 23:59:00,25.84,8.29,19.25,Bus_Stop,Market,23,Sunday,1
MP-2026-024,P024,18-25,Thursday,23.259528,77.413043,2026-01-05 00:57:00,9.96,2.3,13.83,Market,Home,0,Monday,0
MP-2026-024,P024,26-35,Sunday,23.2597,77.403607,2026-01-04 13:44:00,13.82,6.37,27.64,Home,Market,13,Sunday,1
MP-2026-024,P024,18-25,Saturday,23.261423,77.413807,2026-01-05 03:54:00,27.82,12.28,26.47,Market,Home,3,Monday,0
MP-2026-024,P024,18-25,Monday,23.260289,77.410615,2026-01-04 22:51:00,30.25,13.05,25.88,Home,Bus_Stop,22,Sunday,1
MP-2026-024,P024,18-25,Friday,23.205751,77.436668,2026-01-04 20:54:00,27.95,10.07,21.62,Bus_Stop,Mall,20,Sunday,1
MP-2026-024,P024,26-35,Tuesday,23.285461396707138,77.43570162777088,2026-01-05 01:52:00,28.67,15.31,118.07233552276969,Mall,Market,1,Monday,0
MP-2026-024,P024,36-45,Saturday,23.27872702144468,77.43084150475542,2026-01-05 03:48:00,40.94,8.21,89.27185561823818,Market,Home,3,Monday,0
MP-2026-024,P024,26-35,Monday,23.216387,77.430819,2026-01-05 01:32:00,17.15,7.57,26.48,Home,College,1,Monday,0
MP-2026-024,P024,26-35,Friday,23.258869,77.412633,2026-01-04 13:12:00,22.45,4.15,11.09,College,Home,13,Sunday,1
MP-2026-024,P024,18-25,Friday,23.215121,77.431937,2026-01-04 22:58:00,18.51,8.7,28.21,Home,College,22,Sunday,1
MP-2026-024,P024,18-25,Friday,23.259415,77.413764,2026-01-04 16:06:00,28.04,0.93,2.0,College,Home,16,Sunday,1
MP-2026-024,P024,26-35,Friday,23.215794,77.43357,2026-01-04 17:59:00,19.17,7.35,22.99,Home,College,17,Sunday,1
MP-2026-024,P024,18-25,Wednesday,23.261302,77.414076,2026-01-04 16:45:00,20.83,6.68,19.24,College,Home,16,Sunday,1
MP-2026-024,P024,36-45,Thursday,23.258009,77.404911,2026-01-04 22:28:00,28.06,14.35,30.68,Home,Market,22,Sunday,1
MP-2026-024,P024,36-45,Wednesday,23.260417,77.412884,2026-01-05 04:33:00,25.69,5.88,13.72,Market,Home,4,Monday,0
MP-2026-024,P024,36-45,Wednesday,23.257353,77.412501,2026-01-04 22:29:00,5.56,2.84,30.64,Home,Bus_Stop,22,Sunday,1
MP-2026-024,P024,36-45,Sunday,23.216162,77.431353,2026-01-04 15:59:00,10.23,3.38,19.86,Bus_Stop,College,15,Sunday,1
MP-2026-024,P024,18-25,Tuesday,23.258244,77.41335,2026-01-05 03:36:00,24.78,4.37,10.59,College,Home,3,Monday,0
MP-2026-024,P024,36-45,Monday,23.21542,77.430832,2026-01-05 04:15:00,13.9,5.76,24.87,Home,College,4,Monday,0
MP-2026-024,P024,26-35,Wednesday,23.259923,77.411183,2026-01-05 03:19:00,28.89,2.64,5.49,College,Home,3,Monday,0
MP-2026-024,P024,36-45,Tuesday,23.258073,77.4104,2026-01-04 14:29:00,23.02,7.97,20.78,Home,Bus_Stop,14,Sunday,1
MP-2026-024,P024,18-25,Wednesday,23.26897,77.413513,2026-01-04 23:09:00,33.28,13.35,24.07,Bus_Stop,Railway,23,Sunday,1
MP-2026-024,P024,36-45,Wednesday,23.259961,77.412804,2026-01-04 16:22:00,14.28,0.68,2.86,Railway,Home,16,Sunday,1
MP-2026-024,P024,36-45,Friday,23.257945,77.402558,2026-01-05 04:23:00,11.61,4.02,20.76,Home,Market,4,Monday,0
MP-2026-024,P024,18-25,Friday,23.258792,77.412691,2026-01-05 03:49:00,23.98,8.67,21.7,Market,Home,3,Monday,0
MP-2026-024,P024,18-25,Friday,23.258556,77.411039,2026-01-04 17:20:00,28.25,12.73,27.04,Home,Bus_Stop,17,Sunday,1
MP-2026-024,P024,26-35,Tuesday,23.214755,77.432246,2026-01-04 15:54:00,17.51,6.19,21.22,Bus_Stop,College,15,Sunday,1
MP-2026-024,P024,36-45,Tuesday,23.206547,77.436413,2026-01-05 03:29:00,20.62,10.54,30.67,College,Mall,3,Monday,0
MP-2026-024,P024,18-25,Sunday,23.260896,77.412855,2026-01-04 23:31:00,22.59,4.74,12.58,Mall,Home,23,Sunday,1
MP-2026-024,P024,26-35,Saturday,23.259216,77.412537,2026-01-04 22:16:00,16.24,6.33,23.4,Home,Bus_Stop,22,Sunday,1
MP-2026-024,P024,26-35,Sunday,23.270326,77.413236,2026-01-04 14:54:00,10.22,5.2,30.53,Bus_Stop,Railway,14,Sunday,1
MP-2026-024,P024,36-45,Thursday,23.257984,77.409733,2026-01-04 22:31:00,5.0,2.12,25.47,Railway,Bus_Stop,22,Sunday,1
MP-2026-024,P024,36-45,Wednesday,23.26,77.403716,2026-01-05 03:02:00,5.69,2.95,31.1,Bus_Stop,Market,3,Monday,0
MP-2026-024,P024,18-25,Monday,23.237332,77.400145,2026-01-05 02:47:00,20.86,7.56,21.75,Market,Park,2,Monday,0
MP-2026-024,P024,26-35,Wednesday,23.257852,77.403811,2026-01-05 02:54:00,6.34,2.89,27.34,Park,Market,2,Monday,0
MP-2026-024,P024,18-25,Thursday,23.270053,77.414704,2026-01-04 14:13:00,25.75,10.23,23.83,Market,Railway,14,Sunday,1
MP-2026-024,P024,36-45,Tuesday,23.259165,77.411955,2026-01-05 01:48:00,5.0,3.24,38.91,Railway,Bus_Stop,1,Monday,0
MP-2026-024,P024,36-45,Tuesday,23.258737,77.40388,2026-01-04 18:09:00,32.37,21.74,40.29,Bus_Stop,Market,18,Sunday,1
MP-2026-024,P024,18-25,Wednesday,23.26265,77.414009,2026-01-04 19:50:00,23.55,1.75,4.45,Market,Home,19,Sunday,1
MP-2026-025,P025,36-45,Tuesday,23.215605,77.431406,2026-01-05 20:54:00,22.94,6.17,16.13,Home,College,20,Monday,0
MP-2026-025,P025,18-25,Thursday,23.207589,77.438308,2026-01-05 17:48:00,33.23,18.8,33.95,College,Mall,17,Monday,0
MP-2026-025,P025,36-45,Monday,23.258878,77.412955,2026-01-06 02:38:00,30.25,8.24,16.34,Mall,Home,2,Tuesday,0
MP-2026-025,P025,18-25,Monday,23.257886,77.403099,2026-01-06 04:10:00,35.74,20.56,34.52,Home,Market,4,Tuesday,0
MP-2026-025,P025,26-35,Friday,23.259063,77.410998,2026-01-05 23:57:00,29.84,0.99,2.0,Market,Home,23,Monday,0
MP-2026-025,P025,18-25,Monday,23.258187,77.409706,2026-01-05 20:05:00,22.3,7.61,20.49,Home,Bus_Stop,20,Monday,0
MP-2026-025,P025,36-45,Friday,23.259727,77.402982,2026-01-06 00:08:00,20.72,8.46,24.5,Bus_Stop,Market,0,Tuesday,0
MP-2026-025,P025,36-45,Monday,23.240714,77.399425,2026-01-05 20:19:00,25.78,6.57,15.28,Market,Park,20,Monday,0
MP-2026-025,P025,36-45,Wednesday,23.259232,77.398144,2026-01-06 04:43:00,24.28,4.82,11.92,Park,Hospital,4,Tuesday,0
MP-2026-025,P025,26-35,Tuesday,23.257796,77.40144,2026-01-05 20:31:00,21.65,11.82,32.75,Hospital,Market,20,Monday,0
MP-2026-025,P025,36-45,Sunday,23.23896,77.398592,2026-01-05 14:08:00,21.51,2.6,7.26,Market,Park,14,Monday,0
MP-2026-025,P025,36-45,Saturday,23.258495,77.404108,2026-01-05 23:27:00,16.04,2.76,10.33,Park,Market,23,Monday,0
MP-2026-025,P025,26-35,Thursday,23.260981,77.410909,2026-01-05 14:11:00,15.65,6.54,25.09,Market,Bus_Stop,14,Monday,0
MP-2026-025,P025,36-45,Tuesday,23.26996,77.412543,2026-01-06 01:19:00,20.75,7.45,21.54,Bus_Stop,Railway,1,Tuesday,0
MP-2026-025,P025,18-25,Thursday,23.259132,77.412408,2026-01-06 02:09:00,15.67,1.86,7.11,Railway,Home,2,Tuesday,0
MP-2026-025,P025,26-35,Friday,23.257102,77.412738,2026-01-05 18:46:00,28.79,11.13,23.19,Home,Bus_Stop,18,Monday,0
MP-2026-025,P025,36-45,Wednesday,23.26956,77.412462,2026-01-05 17:13:00,23.53,8.73,22.25,Bus_Stop,Railway,17,Monday,0
MP-2026-025,P025,36-45,Monday,23.259387,77.410384,2026-01-05 18:32:00,6.11,1.1,10.78,Railway,Home,18,Monday,0
MP-2026-025,P025,18-25,Sunday,23.260298,77.410596,2026-01-05 13:49:00,23.03,11.66,30.37,Home,Bus_Stop,13,Monday,0
MP-2026-025,P025,18-25,Thursday,23.261332,77.404067,2026-01-05 20:15:00,18.66,7.14,22.96,Bus_Stop,Market,20,Monday,0
MP-2026-025,P025,26-35,Tuesday,23.258325,77.410102,2026-01-05 15:48:00,11.83,1.56,7.89,Market,Home,15,Monday,0
MP-2026-025,P025,18-25,Wednesday,23.260186,77.404792,2026-01-06 03:16:00,20.51,9.68,28.32,Home,Market,3,Tuesday,0
MP-2026-025,P025,18-25,Saturday,23.239261,77.398316,2026-01-06 01:47:00,20.14,3.7,11.01,Market,Park,1,Tuesday,0
MP-2026-025,P025,18-25,Tuesday,23.257608,77.402256,2026-01-06 04:17:00,24.55,4.84,11.83,Park,Market,4,Tuesday,0
MP-2026-025,P025,18-25,Tuesday,23.268413,77.412103,2026-01-05 20:53:00,22.99,11.03,28.8,Market,Railway,20,Monday,0
MP-2026-025,P025,26-35,Thursday,23.259509,77.41232,2026-01-06 03:59:00,21.89,10.65,29.18,Railway,Bus_Stop,3,Tuesday,0
MP-2026-025,P025,36-45,Tuesday,23.214487,77.432231,2026-01-05 15:09:00,34.06,15.93,28.06,Bus_Stop,College,15,Monday,0
MP-2026-025,P025,26-35,Monday,23.259861,77.405741,2026-01-05 18:51:00,16.63,8.93,32.24,College,Market,18,Monday,0
MP-2026-025,P025,36-45,Wednesday,23.237845,77.401691,2026-01-06 04:36:00,24.54,5.42,13.25,Market,Park,4,Tuesday,0
MP-2026-025,P025,36-45,Thursday,23.259467,77.403421,2026-01-05 21:11:00,33.39,14.35,25.78,Park,Market,21,Monday,0
MP-2026-025,P025,36-45,Friday,23.269443,77.412083,2026-01-05 13:24:00,13.11,8.28,37.9,Market,Railway,13,Monday,0
MP-2026-025,P025,18-25,Saturday,23.260525,77.410999,2026-01-05 14:12:00,21.05,4.85,13.83,Railway,Home,14,Monday,0
MP-2026-025,P025,26-35,Friday,23.21653,77.434423,2026-01-05 16:57:00,24.44,12.44,30.56,Home,College,16,Monday,0
MP-2026-025,P025,18-25,Wednesday,23.257683,77.404037,2026-01-05 15:43:00,23.41,9.96,25.54,College,Market,15,Monday,0
MP-2026-025,P025,26-35,Tuesday,23.258818,77.41416,2026-01-05 19:26:00,13.72,0.63,2.74,Market,Home,19,Monday,0
MP-2026-025,P025,18-25,Friday,23.258393,77.403868,2026-01-05 22:34:00,22.35,9.74,26.14,Home,Market,22,Monday,0
MP-2026-025,P025,18-25,Monday,23.239435,77.400289,2026-01-06 04:24:00,21.5,6.98,19.47,Market,Park,4,Tuesday,0
MP-2026-025,P025,36-45,Friday,23.25831,77.404304,2026-01-05 18:42:00,5.48,2.6,28.41,Park,Market,18,Monday,0
MP-2026-025,P025,18-25,Tuesday,23.270101,77.412697,2026-01-06 04:51:00,26.3,13.66,31.16,Market,Railway,4,Tuesday,0
MP-2026-025,P025,36-45,Monday,23.259595,77.413484,2026-01-05 16:53:00,22.08,1.18,3.21,Railway,Home,16,Monday,0
MP-2026-025,P025,36-45,Wednesday,23.258765,77.409058,2026-01-05 16:09:00,18.89,10.15,32.23,Home,Bus_Stop,16,Monday,0
MP-2026-025,P025,36-45,Friday,23.257495,77.404503,2026-01-05 14:14:00,29.92,13.58,27.24,Bus_Stop,Market,14,Monday,0
MP-2026-025,P025,18-25,Sunday,23.269087,77.412297,2026-01-06 04:56:00,31.18,13.44,25.86,Market,Railway,4,Tuesday,0
MP-2026-025,P025,36-45,Monday,23.258731,77.403747,2026-01-06 01:10:00,39.05,16.34,25.11,Railway,Market,1,Tuesday,0
MP-2026-025,P025,26-35,Monday,23.267575,77.411329,2026-01-06 00:53:00,33.75,18.0,31.99,Market,Railway,0,Tuesday,0
MP-2026-025,P025,18-25,Friday,23.261031,77.413745,2026-01-06 00:47:00,20.15,3.87,11.52,Railway,Home,0,Tuesday,0
MP-2026-025,P025,26-35,Friday,23.258288,77.409573,2026-01-05 21:30:00,22.18,7.96,21.53,Home,Bus_Stop,21,Monday,0
MP-2026-025,P025,18-25,Monday,23.260735,77.404411,2026-01-05 20:05:00,22.75,10.09,26.6,Bus_Stop,Market,20,Monday,0
MP-2026-025,P025,36-45,Monday,23.260858,77.413223,2026-01-05 21:34:00,13.8,4.38,19.06,Market,Home,21,Monday,0
MP-2026-025,P025,26-35,Saturday,23.257975,77.410098,2026-01-06 03:42:00,12.49,4.65,22.33,Home,Bus_Stop,3,Tuesday,0
MP-2026-025,P025,26-35,Sunday,23.215138,77.431549,2026-01-06 01:52:00,22.48,10.01,26.72,Bus_Stop,College,1,Tuesday,0
MP-2026-025,P025,26-35,Friday,23.258855,77.411706,2026-01-05 22:16:00,18.37,0.61,2.0,College,Home,22,Monday,0
MP-2026-025,P025,18-25,Saturday,23.256938,77.402879,2026-01-06 01:48:00,14.63,10.29,42.21,Home,Market,1,Tuesday,0
MP-2026-025,P025,26-35,Thursday,23.270494,77.41126,2026-01-05 14:22:00,15.04,7.62,30.41,Market,Railway,14,Monday,0
MP-2026-025,P025,26-35,Wednesday,23.258269,77.410829,2026-01-05 19:26:00,19.65,2.21,6.74,Railway,Home,19,Monday,0
MP-2026-025,P025,26-35,Tuesday,23.256943,77.410848,2026-01-06 04:12:00,27.44,5.71,12.5,Home,Bus_Stop,4,Tuesday,0
MP-2026-025,P025,26-35,Saturday,23.256407,77.403495,2026-01-05 20:48:00,25.36,13.26,31.37,Bus_Stop,Market,20,Monday,0
MP-2026-025,P025,26-35,Wednesday,23.241083,77.401561,2026-01-06 02:21:00,20.58,5.06,14.75,Market,Park,2,Tuesday,0
MP-2026-025,P025,18-25,Tuesday,23.238617,77.400412,2026-01-05 15:41:00,19.13,2.01,6.29,Park,Park,15,Monday,0
MP-2026-025,P025,26-35,Saturday,23.259269,77.39536,2026-01-05 16:36:00,15.75,8.15,31.04,Park,Hospital,16,Monday,0
MP-2026-025,P025,36-45,Thursday,23.260644,77.412302,2026-01-05 23:41:00,17.93,1.72,5.75,Hospital,Home,23,Monday,0
MP-2026-025,P025,36-45,Tuesday,23.206629,77.437787,2026-01-06 03:21:00,9.63,6.31,39.31,Home,Mall,3,Tuesday,0
MP-2026-025,P025,26-35,Friday,23.216517,77.431946,2026-01-05 18:24:00,6.57,4.47,40.85,Mall,College,18,Monday,0
MP-2026-025,P025,26-35,Thursday,23.205283,77.436037,2026-01-05 17:05:00,11.24,6.48,34.61,College,Mall,17,Monday,0
MP-2026-025,P025,26-35,Sunday,23.260397,77.413236,2026-01-05 15:18:00,11.17,0.37,2.0,Mall,Home,15,Monday,0
MP-2026-025,P025,36-45,Monday,23.216119,77.432721,2026-01-05 22:25:00,20.23,8.3,24.61,Home,College,22,Monday,0
MP-2026-025,P025,36-45,Saturday,23.207714,77.438076,2026-01-05 15:31:00,24.51,8.79,21.51,College,Mall,15,Monday,0
MP-2026-025,P025,18-25,Monday,23.258943,77.41061,2026-01-05 13:12:00,16.09,0.54,2.0,Mall,Home,13,Monday,0
MP-2026-025,P025,26-35,Friday,23.214359,77.433406,2026-01-05 16:59:00,14.19,6.06,25.6,Home,College,16,Monday,0
MP-2026-025,P025,36-45,Thursday,23.259711,77.401436,2026-01-05 18:22:00,28.95,12.42,25.74,College,Market,18,Monday,0
MP-2026-025,P025,36-45,Monday,23.268457,77.41431,2026-01-06 04:22:00,12.9,6.73,31.3,Market,Railway,4,Tuesday,0
MP-2026-025,P025,36-45,Wednesday,23.260451,77.411735,2026-01-05 21:51:00,33.68,5.03,8.96,Railway,Home,21,Monday,0
MP-2026-025,P025,36-45,Tuesday,23.217661,77.432409,2026-01-05 19:54:00,27.38,15.33,33.59,Home,College,19,Monday,0
MP-2026-025,P025,18-25,Saturday,23.259013,77.403879,2026-01-06 00:22:00,19.52,9.5,29.18,College,Market,0,Tuesday,0
MP-2026-025,P025,26-35,Monday,23.270224,77.411376,2026-01-06 02:02:00,20.27,8.44,24.99,Market,Railway,2,Tuesday,0
MP-2026-025,P025,36-45,Tuesday,23.258312,77.411387,2026-01-06 00:24:00,18.54,4.88,15.78,Railway,Bus_Stop,0,Tuesday,0
MP-2026-025,P025,26-35,Thursday,23.259595,77.40424,2026-01-05 17:25:00,26.4,17.82,40.49,Bus_Stop,Market,17,Monday,0
MP-2026-025,P025,18-25,Saturday,23.240875,77.399041,2026-01-05 16:21:00,19.56,5.87,18.01,Market,Park,16,Monday,0
MP-2026-025,P025,26-35,Thursday,23.258322,77.405413,2026-01-05 15:36:00,27.27,14.18,31.21,Park,Market,15,Monday,0
MP-2026-025,P025,36-45,Tuesday,23.260077,77.413603,2026-01-06 02:23:00,8.64,1.72,11.96,Market,Home,2,Tuesday,0
